"DATASET","SERIES_CODE","OBS_MEASURE","COUNTRY","INDICATOR","FREQUENCY","SCALE","1980","1981","1982","1983","1984","1985","1986","1987","1988","1989","1990","1991","1992","1993","1994","1995","1996","1997","1998","1999","2000","2001","2002","2003","2004","2005","2006","2007","2008","2009","2010","2011","2012","2013","2014","2015","2016","2017","2018","2019","2020","2021","2022","2023","2024","2025","2026","2027","2028","2029","2030"
"IMF.RES:WEO(9.0.0)","HND.LP.A","OBS_VALUE","Honduras","Population, Persons for countries / Index for country groups","Annual","Millions","3.673","3.790","3.908","4.029","4.154","4.283","4.411","4.544","4.680","4.816","4.955","5.099","5.245","5.394","5.549","5.709","5.875","6.046","6.220","6.397","6.575","6.752","6.929","7.106","7.283","7.459","7.634","7.809","7.981","8.151","8.317","8.481","8.641","8.799","8.956","9.113","9.273","9.436","9.602","9.770","9.942","10.117","10.294","10.475","10.659","10.846","11.037","11.231","11.428","11.629","11.833"
"IMF.RES:WEO(9.0.0)","BHS.LP.A","OBS_VALUE","Bahamas, The","Population, Persons for countries / Index for country groups","Annual","Millions","0.211","0.215","0.220","0.225","0.230","0.234","0.238","0.242","0.247","0.251","0.255","0.259","0.264","0.269","0.273","0.279","0.284","0.288","0.293","0.298","0.304","0.308","0.313","0.318","0.323","0.328","0.332","0.337","0.342","0.347","0.351","0.355","0.359","0.362","0.366","0.370","0.373","0.377","0.381","0.385","0.389","0.394","0.399","0.404","0.408","0.413","0.417","0.421","0.425","0.429","0.434"
"IMF.RES:WEO(9.0.0)","DMA.LP.A","OBS_VALUE","Dominica","Population, Persons for countries / Index for country groups","Annual","Millions","","0.074","0.074","0.073","0.073","0.073","0.072","0.072","0.072","0.072","0.071","0.071","0.071","0.071","0.071","0.071","0.071","0.071","0.071","0.071","0.071","0.071","0.071","0.071","0.071","0.071","0.071","0.071","0.071","0.071","0.071","0.070","0.069","0.070","0.070","0.071","0.071","0.069","0.070","0.072","0.073","0.074","0.074","0.074","0.075","0.075","0.076","0.076","0.076","0.077","0.077"
"IMF.RES:WEO(9.0.0)","PRI.LP.A","OBS_VALUE","Puerto Rico","Population, Persons for countries / Index for country groups","Annual","Millions","3.203","3.229","3.257","3.286","3.317","3.349","3.382","3.417","3.454","3.492","3.528","3.551","3.575","3.600","3.627","3.655","3.685","3.716","3.748","3.782","3.811","3.819","3.824","3.826","3.827","3.821","3.805","3.783","3.761","3.740","3.722","3.679","3.634","3.593","3.535","3.474","3.411","3.300","3.200","3.200","3.159","3.200","3.200","3.206","3.177","3.175","3.174","3.172","3.171","3.169","3.168"
"IMF.RES:WEO(9.0.0)","QAT.LP.A","OBS_VALUE","Qatar","Population, Persons for countries / Index for country groups","Annual","Millions","0.245","0.265","0.285","0.306","0.326","0.345","0.362","0.377","0.392","0.408","0.477","0.485","0.490","0.492","0.495","0.501","0.512","0.529","0.550","0.572","0.594","0.612","0.630","0.660","0.720","0.821","0.968","1.152","1.554","1.639","1.715","1.733","1.833","2.004","2.216","2.438","2.618","2.725","2.760","2.799","2.834","2.748","2.932","3.063","3.094","3.109","3.125","3.140","3.156","3.172","3.188"
"IMF.RES:WEO(9.0.0)","LKA.LP.A","OBS_VALUE","Sri Lanka","Population, Persons for countries / Index for country groups","Annual","Millions","15.553","15.763","15.962","16.148","16.322","16.482","16.645","16.811","16.980","17.151","17.326","17.536","17.737","17.925","18.094","18.243","18.367","18.471","18.565","18.663","18.778","18.912","19.062","19.224","19.387","19.545","19.696","19.842","19.984","20.124","20.262","20.398","20.425","20.585","20.778","20.970","21.203","21.444","21.670","21.803","21.919","22.156","22.396","22.638","22.882","","","","","",""
"IMF.RES:WEO(9.0.0)","SLE.LP.A","OBS_VALUE","Sierra Leone","Population, Persons for countries / Index for country groups","Annual","Millions","3.547","3.634","3.710","3.797","3.819","3.895","3.982","4.069","4.157","4.254","4.320","4.349","4.348","4.329","4.310","4.304","4.313","4.335","4.381","4.462","4.585","4.754","4.971","5.178","5.356","5.502","5.624","5.749","5.895","6.056","6.223","6.387","6.551","6.714","6.876","7.038","7.205","7.379","7.555","7.732","7.913","8.095","8.277","8.461","8.642","8.820","9.002","9.187","9.377","9.570","9.767"
"IMF.RES:WEO(9.0.0)","TON.LP.A","OBS_VALUE","Tonga","Population, Persons for countries / Index for country groups","Annual","Millions","0.092","0.093","0.093","0.094","0.095","0.095","0.094","0.094","0.095","0.095","0.096","0.096","0.097","0.097","0.097","0.097","0.098","0.098","0.098","0.099","0.099","0.100","0.100","0.100","0.101","0.101","0.102","0.102","0.102","0.103","0.103","0.103","0.103","0.102","0.102","0.101","0.101","0.101","0.100","0.100","0.100","0.100","0.100","0.100","0.099","0.099","0.099","0.099","0.098","0.098","0.098"
"IMF.RES:WEO(9.0.0)","SVK.NGDP_R.A","OBS_VALUE","Slovak Republic","Gross domestic product (GDP), Constant prices, Domestic currency","Annual","Billions","","","","","","","","","","","","","","35.385","37.581","40.539","43.353","45.280","47.012","46.790","47.159","48.538","50.682","53.144","56.008","59.640","64.963","71.992","75.853","71.677","76.544","78.506","79.738","80.298","82.473","86.742","88.432","90.974","94.669","96.824","94.321","99.697","100.133","102.304","104.413","105.363","107.107","109.782","112.569","115.002","117.371"
"IMF.RES:WEO(9.0.0)","MNE.LP.A","OBS_VALUE","Montenegro","Population, Persons for countries / Index for country groups","Annual","Millions","","","","","","","","","","","","","","","","","","","","","0.605","0.607","0.610","0.612","0.613","0.614","0.615","0.616","0.617","0.618","0.619","0.620","0.621","0.623","0.624","0.625","0.625","0.626","0.626","0.627","0.627","0.625","0.624","0.624","0.624","0.624","0.624","0.625","0.625","0.625","0.626"
"IMF.RES:WEO(9.0.0)","SRB.LP.A","OBS_VALUE","Serbia, Republic of","Population, Persons for countries / Index for country groups","Annual","Millions","","","","","","","","","","","","","","","","","","","","7.540","7.516","7.503","7.500","7.481","7.463","7.441","7.412","7.382","7.350","7.321","7.291","7.237","7.201","7.167","7.132","7.095","7.058","7.021","6.983","6.945","6.899","6.834","6.664","6.623","6.576","6.530","6.483","6.437","6.389","6.342","6.294"
"IMF.RES:WEO(9.0.0)","USA.LP.A","OBS_VALUE","United States","Population, Persons for countries / Index for country groups","Annual","Millions","227.622","229.916","232.128","234.246","236.307","238.416","240.593","242.751","244.968","247.286","250.047","253.392","256.777","260.146","263.325","266.458","269.581","272.822","276.022","279.195","282.296","285.216","288.019","290.733","293.389","296.115","298.930","301.903","304.718","307.374","309.737","311.944","314.167","316.331","318.619","320.926","323.221","325.280","327.023","328.547","331.307","332.453","334.273","337.014","340.102","341.698","342.594","344.099","345.606","347.236","348.955"
"IMF.RES:WEO(9.0.0)","G110.BM.A","OBS_VALUE","Advanced Economies","Imports of goods and services, US dollar","Annual","Billions","","","","","","","","","","","","","","","","","4845.452","4981.716","5024.289","5514.621","6124.526","5893.063","6088.493","6980.044","8337.029","9301.743","10484.757","11846.090","13249.065","10426.965","12112.390","14142.817","14054.996","14276.028","14617.179","13125.382","12981.896","14139.749","15471.838","15300.680","13855.313","16837.305","19172.606","18735.254","19214.128","20309.700","20947.191","21571.803","22285.212","23072.160","23891.689"
"IMF.RES:WEO(9.0.0)","G110.BX.A","OBS_VALUE","Advanced Economies","Exports of goods and services, US dollar","Annual","Billions","","","","","","","","","","","","","","","","","4975.242","5149.251","5165.891","5530.704","5977.583","5761.752","5989.346","6863.095","8209.503","9005.530","10126.035","11638.929","12944.927","10487.685","12140.771","14078.426","14056.192","14516.613","14874.750","13467.610","13397.536","14571.778","15824.754","15585.191","14077.783","17263.189","19081.235","19045.118","19649.518","20685.385","21398.857","21996.753","22686.926","23465.104","24351.650"
"IMF.RES:WEO(9.0.0)","G110.PPPSH.A","OBS_VALUE","Advanced Economies","Gross domestic product (GDP), Purchasing power parity (PPP) international dollar, percent of world GDP, Percent, ICP benchmarks 2017-2021","Annual","Units","64.598","64.542","64.336","64.711","64.885","64.935","64.933","64.850","65.055","65.287","64.607","64.148","59.124","58.918","59.189","59.260","58.827","58.512","58.562","58.615","58.082","57.610","56.967","56.059","55.035","54.087","53.004","51.763","50.502","49.092","48.119","47.153","46.194","45.375","44.771","44.349","43.790","43.293","42.536","42.171","41.715","41.188","40.916","40.223","39.649","39.080","38.538","37.987","37.445","36.890","36.345"
"IMF.RES:WEO(9.0.0)","USA.PPPSH.A","OBS_VALUE","United States","Gross domestic product (GDP), Purchasing power parity (PPP) international dollar, percent of world GDP, Percent, ICP benchmarks 2017-2021","Annual","Units","21.628","21.669","21.171","21.593","22.164","22.287","22.331","22.240","22.194","22.210","21.738","21.231","19.736","19.908","20.132","19.944","19.940","20.013","20.365","20.622","20.418","20.120","19.913","19.747","19.503","19.291","18.854","18.282","17.803","17.455","17.048","16.679","16.530","16.340","16.190","16.132","15.928","15.728","15.570","15.322","15.239","15.108","14.946","14.874","14.804","14.652","14.516","14.355","14.203","14.033","13.858"
"IMF.RES:WEO(9.0.0)","G119.BM.A","OBS_VALUE","G7","Imports of goods and services, US dollar","Annual","Billions","","","","","","","","","","","","","","","","","3103.181","3237.186","3312.650","3523.959","3886.785","3742.342","3828.526","4332.796","5085.610","5648.754","6339.115","6979.008","7678.027","5996.474","6950.161","8034.331","7969.458","7991.262","8252.456","7446.986","7324.267","7884.177","8610.310","8478.383","7537.918","9141.097","10581.257","10317.570","10547.513","11061.303","11191.532","11441.066","11749.121","12078.487","12427.847"
"IMF.RES:WEO(9.0.0)","GBR.LP.A","OBS_VALUE","United Kingdom","Population, Persons for countries / Index for country groups","Annual","Millions","56.330","56.358","56.291","56.316","56.409","56.554","56.684","56.804","56.916","57.077","57.238","57.439","57.585","57.714","57.862","58.025","58.164","58.314","58.475","58.684","58.886","59.113","59.366","59.637","59.950","60.413","60.827","61.319","61.824","62.261","62.760","63.285","63.705","64.106","64.597","65.110","65.648","66.040","66.436","66.797","67.081","67.026","67.596","68.265","69.226","69.868","70.414","70.862","71.208","71.548","71.880"
"IMF.RES:WEO(9.0.0)","G119.PPPSH.A","OBS_VALUE","G7","Gross domestic product (GDP), Purchasing power parity (PPP) international dollar, percent of world GDP, Percent, ICP benchmarks 2017-2021","Annual","Units","51.794","51.794","51.480","51.867","52.094","52.179","52.087","51.886","52.023","52.125","51.456","50.922","46.696","46.353","46.427","45.913","45.463","45.093","45.171","45.039","44.478","43.962","43.264","42.509","41.589","40.768","39.769","38.589","37.516","36.343","35.561","34.815","34.178","33.591","33.100","32.732","32.241","31.806","31.189","30.829","30.419","29.870","29.593","29.129","28.675","28.216","27.802","27.379","26.961","26.532","26.102"
"IMF.RES:WEO(9.0.0)","GBR.NGDP_R.A","OBS_VALUE","United Kingdom","Gross domestic product (GDP), Constant prices, Domestic currency","Annual","Billions","1059.660","1052.374","1073.055","1117.759","1142.579","1189.278","1226.237","1292.703","1362.204","1394.928","1402.748","1383.043","1386.437","1417.763","1466.101","1501.088","1539.846","1615.678","1670.654","1721.748","1796.500","1842.720","1875.809","1934.941","1982.500","2036.675","2085.162","2139.895","2134.571","2035.942","2081.411","2105.105","2136.871","2175.333","2244.827","2294.727","2338.825","2400.956","2434.694","2474.245","2219.474","2409.815","2526.428","2536.460","2564.378","2597.924","2630.749","2671.264","2709.694","2748.509","2788.162"
"IMF.RES:WEO(9.0.0)","USA.NGDP_R.A","OBS_VALUE","United States","Gross domestic product (GDP), Constant prices, Domestic currency","Annual","Billions","7257.325","7441.475","7307.300","7642.275","8195.300","8537.000","8832.600","9137.750","9519.425","9869.000","10055.150","10044.225","10398.025","10684.175","11114.650","11413.025","11843.600","12370.300","12924.875","13543.775","14096.025","14230.725","14472.700","14877.325","15449.775","15987.950","16433.150","16762.450","16781.500","16349.125","16789.775","17052.400","17442.775","17812.175","18261.700","18799.600","19141.675","19612.100","20193.925","20715.650","20284.500","21532.375","22075.900","22723.725","23358.425","23829.450","24330.363","24830.380","25349.963","25826.691","26279.467"
"IMF.RES:WEO(9.0.0)","G119.BX.A","OBS_VALUE","G7","Exports of goods and services, US dollar","Annual","Billions","","","","","","","","","","","","","","","","","3160.208","3317.797","3339.079","3423.674","3633.842","3485.453","3572.936","4022.965","4729.861","5137.377","5761.405","6526.602","7127.889","5704.595","6559.690","7503.938","7461.129","7596.929","7856.847","7147.423","7102.710","7632.325","8225.413","8117.638","7093.399","8517.601","9455.189","9604.746","9787.217","10131.851","10296.957","10493.819","10742.606","11041.770","11418.965"
"IMF.RES:WEO(9.0.0)","GBR.PPPSH.A","OBS_VALUE","United Kingdom","Gross domestic product (GDP), Purchasing power parity (PPP) international dollar, percent of world GDP, Percent, ICP benchmarks 2017-2021","Annual","Units","4.001","3.882","3.939","4.001","3.915","3.934","3.928","3.986","4.024","3.977","3.842","3.704","3.334","3.347","3.365","3.323","3.285","3.312","3.335","3.321","3.297","3.301","3.270","3.254","3.171","3.114","3.031","2.957","2.869","2.754","2.678","2.609","2.566","2.528","2.521","2.495","2.466","2.439","2.359","2.373","2.295","2.257","2.283","2.216","2.169","2.132","2.095","2.061","2.026","1.993","1.962"
"IMF.RES:WEO(9.0.0)","GX123.BM.A","OBS_VALUE","Other Advanced Economies (Advanced Economies excluding G7 and Euro Area countries)","Imports of goods and services, US dollar","Annual","Billions","","","","","245.095","245.889","287.453","353.432","420.348","462.248","524.232","545.566","575.661","598.949","691.829","856.259","903.258","911.689","826.351","1059.943","1259.562","1163.497","1227.703","1411.395","1731.516","1968.301","2239.615","2584.480","2986.880","2423.238","2985.296","3597.667","3713.938","3793.903","3771.650","3343.755","3279.061","3602.534","3910.830","3786.842","3491.054","4279.526","4750.374","4629.759","4840.172","5153.654","5438.067","5655.472","5885.535","6141.274","6399.226"
"IMF.RES:WEO(9.0.0)","BEL.PPPSH.A","OBS_VALUE","Belgium","Gross domestic product (GDP), Purchasing power parity (PPP) international dollar, percent of world GDP, Percent, ICP benchmarks 2017-2021","Annual","Units","0.870","0.848","0.849","0.830","0.814","0.799","0.788","0.776","0.779","0.778","0.770","0.767","0.699","0.680","0.682","0.674","0.658","0.656","0.652","0.652","0.643","0.635","0.628","0.612","0.603","0.590","0.575","0.567","0.554","0.547","0.534","0.525","0.509","0.495","0.486","0.478","0.469","0.458","0.452","0.463","0.462","0.457","0.459","0.449","0.440","0.431","0.422","0.414","0.406","0.399","0.392"
"IMF.RES:WEO(9.0.0)","AUT.LP.A","OBS_VALUE","Austria","Population, Persons for countries / Index for country groups","Annual","Millions","7.540","7.556","7.565","7.543","7.544","7.549","7.557","7.567","7.576","7.594","7.645","7.711","7.799","7.883","7.929","7.948","7.959","7.968","7.977","7.992","8.012","8.042","8.082","8.118","8.169","8.225","8.268","8.295","8.322","8.341","8.361","8.389","8.426","8.477","8.544","8.630","8.740","8.815","8.885","8.859","8.901","8.932","8.978","9.105","9.159","9.182","9.205","9.228","9.254","9.279","9.305"
"IMF.RES:WEO(9.0.0)","GX123.PPPSH.A","OBS_VALUE","Other Advanced Economies (Advanced Economies excluding G7 and Euro Area countries)","Gross domestic product (GDP), Purchasing power parity (PPP) international dollar, percent of world GDP, Percent, ICP benchmarks 2017-2021","Annual","Units","5.740","5.848","5.940","6.009","6.124","6.167","6.293","6.440","6.497","6.556","6.565","6.645","6.196","6.330","6.529","7.051","7.119","7.156","7.029","7.164","7.225","7.233","7.310","7.242","7.243","7.209","7.184","7.179","7.109","7.089","7.135","7.105","7.037","6.987","6.952","6.882","6.852","6.815","6.737","6.649","6.750","6.776","6.712","6.596","6.533","6.450","6.383","6.317","6.255","6.191","6.134"
"IMF.RES:WEO(9.0.0)","GX123.BX.A","OBS_VALUE","Other Advanced Economies (Advanced Economies excluding G7 and Euro Area countries)","Exports of goods and services, US dollar","Annual","Billions","","","","","255.086","256.331","304.410","381.018","448.593","480.489","545.733","575.431","612.540","644.233","733.704","901.648","951.093","969.598","915.689","1154.628","1357.939","1271.471","1349.177","1557.759","1910.421","2159.631","2455.856","2830.778","3245.734","2689.565","3311.018","3943.377","4053.993","4201.045","4186.760","3747.589","3668.030","4009.040","4350.888","4220.629","3908.334","4955.846","5478.058","5246.385","5526.460","5885.618","6187.244","6411.951","6658.695","6916.115","7193.242"
"IMF.RES:WEO(9.0.0)","AUT.NGDP_R.A","OBS_VALUE","Austria","Gross domestic product (GDP), Constant prices, Domestic currency","Annual","Billions","191.861","191.670","195.327","200.804","201.470","205.990","210.811","214.354","216.414","224.826","234.596","242.670","247.750","249.055","255.038","261.842","268.122","273.875","283.442","294.104","303.485","307.482","312.046","315.608","323.704","331.215","342.044","354.957","360.116","347.201","353.482","363.830","366.115","365.197","367.958","372.754","380.646","389.295","398.966","405.968","380.318","398.555","419.591","415.584","411.475","412.585","415.735","422.218","427.730","431.970","435.141"
"IMF.RES:WEO(9.0.0)","AUT.PPPSH.A","OBS_VALUE","Austria","Gross domestic product (GDP), Purchasing power parity (PPP) international dollar, percent of world GDP, Percent, ICP benchmarks 2017-2021","Annual","Units","0.696","0.679","0.689","0.691","0.663","0.655","0.649","0.635","0.614","0.616","0.617","0.624","0.572","0.565","0.562","0.557","0.550","0.539","0.544","0.545","0.535","0.529","0.523","0.510","0.497","0.487","0.478","0.471","0.465","0.451","0.437","0.433","0.422","0.408","0.397","0.389","0.386","0.380","0.377","0.381","0.372","0.363","0.368","0.353","0.338","0.329","0.322","0.316","0.311","0.304","0.297"
"IMF.RES:WEO(9.0.0)","BEL.LP.A","OBS_VALUE","Belgium","Population, Persons for countries / Index for country groups","Annual","Millions","9.855","9.863","9.855","9.858","9.853","9.858","9.859","9.865","9.876","9.928","9.948","9.987","10.022","10.068","10.101","10.131","10.143","10.170","10.192","10.214","10.239","10.263","10.310","10.356","10.396","10.446","10.511","10.585","10.667","10.753","10.840","11.001","11.076","11.138","11.181","11.237","11.311","11.352","11.399","11.456","11.522","11.555","11.618","11.743","11.817","11.867","11.913","11.955","11.996","12.033","12.069"
"IMF.RES:WEO(9.0.0)","BEL.NGDP_R.A","OBS_VALUE","Belgium","Gross domestic product (GDP), Constant prices, Domestic currency","Annual","Billions","238.444","237.778","239.193","239.939","245.857","249.918","254.473","260.343","272.639","282.098","290.948","296.282","300.817","297.923","307.537","314.871","319.032","331.134","337.631","349.592","362.585","366.573","372.829","376.699","390.152","399.210","409.400","424.453","426.350","418.222","429.557","437.851","438.797","440.138","447.909","454.511","459.935","466.718","475.483","487.098","463.751","492.538","513.518","519.688","524.984","530.576","535.773","542.532","549.019","555.961","563.150"
"IMF.RES:WEO(9.0.0)","SMR.PPPSH.A","OBS_VALUE","San Marino, Republic of","Gross domestic product (GDP), Purchasing power parity (PPP) international dollar, percent of world GDP, Percent, ICP benchmarks 2017-2021","Annual","Units","","","","","","","","","","","","","","","","","","0.002","0.003","0.003","0.003","0.003","0.003","0.003","0.003","0.003","0.003","0.003","0.003","0.002","0.002","0.002","0.002","0.002","0.001","0.001","0.001","0.001","0.001","0.001","0.001","0.001","0.001","0.001","0.001","0.001","0.001","0.001","0.001","0.001","0.001"
"IMF.RES:WEO(9.0.0)","SMR.NGDP_R.A","OBS_VALUE","San Marino, Republic of","Gross domestic product (GDP), Constant prices, Domestic currency","Annual","Billions","","","","","","","","","","","","","","","","","","1.018","1.094","1.193","1.219","1.287","1.291","1.341","1.402","1.436","1.491","1.597","1.591","1.429","1.346","1.231","1.141","1.132","1.125","1.155","1.182","1.185","1.203","1.227","1.143","1.309","1.411","1.416","1.426","1.441","1.459","1.477","1.495","1.515","1.534"
"IMF.RES:WEO(9.0.0)","FRA.LP.A","OBS_VALUE","France","Population, Persons for countries / Index for country groups","Annual","Millions","55.092","55.397","55.711","56.034","56.285","56.554","56.815","57.092","57.383","57.695","58.010","58.280","58.571","58.852","59.070","59.281","59.487","59.691","59.899","60.123","60.508","60.941","61.385","61.824","62.251","62.731","63.186","63.601","63.962","64.305","64.613","64.933","65.241","65.565","66.131","66.422","66.603","66.774","66.992","67.258","67.442","67.697","68.060","68.246","68.437","68.628","68.821","69.014","69.207","69.401","69.596"
"IMF.RES:WEO(9.0.0)","DNK.NGDP_R.A","OBS_VALUE","Denmark","Gross domestic product (GDP), Constant prices, Domestic currency","Annual","Billions","1160.100","1151.500","1196.300","1228.000","1281.300","1334.500","1397.700","1404.200","1408.000","1417.800","1441.400","1462.400","1492.000","1490.800","1569.700","1617.400","1664.300","1717.000","1756.900","1809.100","1876.400","1894.300","1902.900","1911.300","1964.400","2010.700","2087.500","2108.100","2099.300","1994.800","2026.400","2053.000","2052.900","2081.500","2108.100","2152.400","2218.600","2286.400","2328.900","2368.800","2326.600","2477.800","2488.800","2503.900","2591.000","2638.674","2696.847","2741.075","2783.288","2826.150","2869.673"
"IMF.RES:WEO(9.0.0)","DEU.PPPSH.A","OBS_VALUE","Germany","Gross domestic product (GDP), Purchasing power parity (PPP) international dollar, percent of world GDP, Percent, ICP benchmarks 2017-2021","Annual","Units","6.985","6.833","6.745","6.680","6.575","6.486","6.433","6.284","6.244","6.263","6.361","6.531","5.983","5.816","5.800","5.681","5.529","5.412","5.381","5.311","5.198","5.157","5.007","4.804","4.622","4.458","4.402","4.305","4.225","4.016","3.978","3.976","3.870","3.761","3.714","3.654","3.622","3.589","3.520","3.506","3.481","3.340","3.281","3.145","3.030","2.945","2.885","2.836","2.782","2.724","2.662"
"IMF.RES:WEO(9.0.0)","DEU.LP.A","OBS_VALUE","Germany","Population, Persons for countries / Index for country groups","Annual","Millions","76.843","76.988","76.933","76.664","76.355","76.166","76.219","76.233","76.697","77.463","78.949","79.973","80.500","80.947","81.148","81.308","81.467","81.510","81.446","81.423","81.457","81.518","81.579","81.549","81.457","81.338","81.174","80.993","80.765","80.484","80.285","80.276","80.386","80.518","80.759","81.347","81.867","82.038","82.157","82.203","82.126","81.995","82.529","83.287","83.517","83.664","83.777","83.845","83.874","83.891","83.893"
"IMF.RES:WEO(9.0.0)","FRA.NGDP_R.A","OBS_VALUE","France","Gross domestic product (GDP), Constant prices, Domestic currency","Annual","Billions","1223.307","1237.820","1267.574","1283.577","1305.053","1326.846","1357.700","1392.556","1457.589","1524.416","1566.987","1587.231","1609.583","1602.735","1641.244","1681.575","1704.221","1747.084","1807.639","1866.581","1948.082","1983.982","2006.255","2026.132","2077.272","2118.498","2180.574","2234.758","2240.620","2179.436","2219.500","2274.631","2279.853","2300.951","2323.982","2347.165","2364.410","2418.034","2456.560","2507.915","2317.229","2474.653","2543.966","2585.160","2613.658","2631.205","2655.179","2686.639","2720.775","2754.606","2787.960"
"IMF.RES:WEO(9.0.0)","DEU.NGDP_R.A","OBS_VALUE","Germany","Gross domestic product (GDP), Constant prices, Domestic currency","Annual","Billions","1846.056","1848.092","1833.527","1862.031","1914.655","1956.629","2003.927","2033.371","2109.331","2191.869","2317.320","2433.450","2482.530","2458.210","2522.050","2560.180","2586.580","2634.540","2689.920","2747.130","2826.220","2872.560","2865.830","2850.640","2883.860","2909.490","3021.700","3109.090","3136.710","2962.610","3085.380","3201.320","3216.240","3228.930","3299.230","3354.100","3428.470","3524.660","3564.600","3599.280","3450.720","3585.730","3650.520","3618.690","3600.740","3607.606","3641.675","3695.299","3739.760","3776.408","3802.060"
"IMF.RES:WEO(9.0.0)","DNK.LP.A","OBS_VALUE","Denmark","Population, Persons for countries / Index for country groups","Annual","Millions","5.122","5.124","5.119","5.116","5.112","5.111","5.116","5.125","5.129","5.130","5.135","5.146","5.162","5.181","5.197","5.216","5.251","5.275","5.295","5.314","5.330","5.349","5.368","5.384","5.398","5.411","5.427","5.447","5.476","5.511","5.535","5.561","5.581","5.603","5.627","5.660","5.707","5.749","5.781","5.806","5.823","5.840","5.873","5.933","5.961","6.002","6.046","6.093","6.150","6.184","6.227"
"IMF.RES:WEO(9.0.0)","FRA.PPPSH.A","OBS_VALUE","France","Gross domestic product (GDP), Purchasing power parity (PPP) international dollar, percent of world GDP, Percent, ICP benchmarks 2017-2021","Annual","Units","4.486","4.436","4.519","4.463","4.344","4.263","4.224","4.171","4.182","4.222","4.169","4.129","3.760","3.675","3.659","3.616","3.531","3.478","3.505","3.498","3.473","3.452","3.397","3.310","3.227","3.146","3.079","2.999","2.925","2.864","2.774","2.738","2.659","2.598","2.536","2.479","2.421","2.386","2.348","2.451","2.385","2.328","2.310","2.269","2.221","2.170","2.124","2.083","2.044","2.007","1.972"
"IMF.RES:WEO(9.0.0)","DNK.PPPSH.A","OBS_VALUE","Denmark","Gross domestic product (GDP), Purchasing power parity (PPP) international dollar, percent of world GDP, Percent, ICP benchmarks 2017-2021","Annual","Units","0.482","0.467","0.483","0.484","0.483","0.486","0.492","0.476","0.457","0.445","0.434","0.431","0.395","0.387","0.396","0.394","0.391","0.387","0.386","0.384","0.379","0.373","0.365","0.354","0.346","0.338","0.334","0.320","0.310","0.297","0.287","0.280","0.271","0.266","0.260","0.257","0.257","0.256","0.250","0.251","0.261","0.261","0.253","0.246","0.246","0.243","0.241","0.238","0.234","0.230","0.227"
"IMF.RES:WEO(9.0.0)","SWE.NGDP_R.A","OBS_VALUE","Sweden","Gross domestic product (GDP), Constant prices, Domestic currency","Annual","Billions","2549.461","2665.219","2702.482","2755.318","2874.704","2940.942","3032.140","3136.378","3216.175","3298.600","3314.218","3276.829","3242.103","3182.864","3310.681","3446.233","3504.981","3612.409","3765.786","3923.991","4105.716","4161.587","4256.376","4336.439","4517.685","4643.871","4861.022","5017.783","4971.463","4759.897","5033.627","5192.885","5171.365","5230.197","5350.271","5585.054","5704.082","5811.480","5914.358","6068.618","5951.264","6262.269","6340.888","6327.949","6379.843","6427.685","6551.880","6668.757","6781.883","6895.202","7010.028"
"IMF.RES:WEO(9.0.0)","ITA.NGDP_R.A","OBS_VALUE","Italy","Gross domestic product (GDP), Constant prices, Domestic currency","Annual","Billions","1133.116","1186.686","1191.596","1205.527","1244.415","1279.234","1315.820","1357.821","1414.773","1462.715","1492.737","1514.157","1526.789","1513.768","1546.330","1590.971","1615.228","1646.334","1676.040","1704.163","1770.320","1805.840","1810.715","1811.920","1838.629","1852.647","1885.985","1913.564","1893.985","1793.506","1820.931","1833.595","1776.291","1743.996","1743.972","1759.418","1781.170","1809.733","1824.694","1832.525","1670.013","1819.162","1906.866","1920.508","1934.445","1944.998","1959.755","1970.884","1984.358","1998.625","2012.986"
"IMF.RES:WEO(9.0.0)","LUX.PPPSH.A","OBS_VALUE","Luxembourg","Gross domestic product (GDP), Purchasing power parity (PPP) international dollar, percent of world GDP, Percent, ICP benchmarks 2017-2021","Annual","Units","0.048","0.047","0.048","0.047","0.047","0.048","0.051","0.051","0.053","0.057","0.057","0.061","0.056","0.057","0.057","0.056","0.055","0.056","0.058","0.061","0.063","0.063","0.063","0.063","0.062","0.061","0.061","0.063","0.061","0.060","0.059","0.057","0.056","0.056","0.056","0.055","0.056","0.055","0.053","0.054","0.055","0.057","0.054","0.052","0.051","0.050","0.050","0.049","0.049","0.048","0.048"
"IMF.RES:WEO(9.0.0)","ITA.LP.A","OBS_VALUE","Italy","Population, Persons for countries / Index for country groups","Annual","Millions","56.388","56.479","56.524","56.563","56.565","56.588","56.598","56.594","56.609","56.649","56.694","56.744","56.773","56.821","56.842","56.844","56.844","56.876","56.904","56.909","56.924","56.961","56.993","57.186","57.612","58.044","58.289","58.511","59.002","59.421","59.690","59.948","60.105","60.277","60.346","60.295","60.164","60.067","59.938","59.817","59.641","59.236","59.030","58.997","58.971","58.934","58.879","58.806","58.716","58.611","58.493"
"IMF.RES:WEO(9.0.0)","SMR.LP.A","OBS_VALUE","San Marino, Republic of","Population, Persons for countries / Index for country groups","Annual","Millions","","","","","","","","","","","","","","","","","","","","","","","","","0.029","0.029","0.030","0.030","0.030","0.031","0.031","0.032","0.032","0.032","0.033","0.033","0.033","0.033","0.033","0.034","0.034","0.034","0.034","0.034","0.034","0.034","0.034","0.035","0.035","0.035","0.035"
"IMF.RES:WEO(9.0.0)","LUX.NGDP_R.A","OBS_VALUE","Luxembourg","Gross domestic product (GDP), Constant prices, Domestic currency","Annual","Billions","13.529","13.637","13.778","14.038","14.702","15.525","17.075","17.749","19.252","21.138","22.262","24.187","24.627","25.662","26.642","27.024","27.433","29.062","30.949","33.555","36.387","37.506","38.716","39.730","41.410","42.439","44.992","48.636","48.489","46.918","48.682","49.191","50.002","51.588","52.941","54.142","56.838","57.586","58.514","60.123","59.816","63.961","63.260","63.322","63.550","64.297","65.643","67.137","68.601","70.055","71.536"
"IMF.RES:WEO(9.0.0)","LUX.LP.A","OBS_VALUE","Luxembourg","Population, Persons for countries / Index for country groups","Annual","Millions","0.364","0.365","0.366","0.366","0.366","0.367","0.368","0.371","0.374","0.378","0.382","0.387","0.392","0.398","0.404","0.406","0.412","0.417","0.422","0.427","0.434","0.439","0.444","0.448","0.455","0.461","0.469","0.476","0.484","0.494","0.502","0.512","0.525","0.537","0.550","0.563","0.576","0.591","0.602","0.614","0.626","0.635","0.645","0.661","0.672","0.685","0.699","0.713","0.727","0.742","0.757"
"IMF.RES:WEO(9.0.0)","ITA.PPPSH.A","OBS_VALUE","Italy","Gross domestic product (GDP), Purchasing power parity (PPP) international dollar, percent of world GDP, Percent, ICP benchmarks 2017-2021","Annual","Units","4.718","4.828","4.824","4.759","4.702","4.666","4.648","4.618","4.609","4.599","4.509","4.472","4.049","3.941","3.914","3.885","3.800","3.721","3.690","3.625","3.583","3.567","3.481","3.360","3.243","3.123","3.023","2.916","2.807","2.675","2.583","2.506","2.352","2.235","2.160","2.109","2.071","2.028","1.967","1.983","1.883","1.900","1.922","1.872","1.825","1.780","1.741","1.696","1.655","1.617","1.580"
"IMF.RES:WEO(9.0.0)","CHE.LP.A","OBS_VALUE","Switzerland","Population, Persons for countries / Index for country groups","Annual","Millions","6.304","6.335","6.373","6.410","6.428","6.456","6.485","6.523","6.567","6.620","6.674","6.757","6.843","6.908","6.969","7.019","7.062","7.081","7.096","7.124","7.164","7.198","7.256","7.314","7.364","7.415","7.459","7.509","7.593","7.702","7.786","7.870","7.955","8.039","8.140","8.238","8.327","8.420","8.484","8.545","8.606","8.670","8.739","8.815","8.962","9.029","9.093","9.158","9.223","9.288","9.354"
"IMF.RES:WEO(9.0.0)","NOR.LP.A","OBS_VALUE","Norway","Population, Persons for countries / Index for country groups","Annual","Millions","4.092","4.107","4.123","4.134","4.146","4.159","4.174","4.198","4.221","4.233","4.250","4.274","4.299","4.325","4.348","4.370","4.393","4.413","4.441","4.473","4.501","4.519","4.547","4.573","4.599","4.632","4.672","4.722","4.787","4.843","4.908","4.973","5.038","5.096","5.156","5.205","5.252","5.290","5.324","5.357","5.385","5.415","5.475","5.534","5.585","5.628","5.671","5.714","5.758","5.802","5.846"
"IMF.RES:WEO(9.0.0)","NOR.PPPSH.A","OBS_VALUE","Norway","Gross domestic product (GDP), Purchasing power parity (PPP) international dollar, percent of world GDP, Percent, ICP benchmarks 2017-2021","Annual","Units","0.415","0.412","0.411","0.416","0.423","0.431","0.434","0.425","0.406","0.396","0.388","0.391","0.364","0.367","0.375","0.377","0.381","0.386","0.386","0.380","0.374","0.372","0.367","0.358","0.354","0.347","0.338","0.331","0.324","0.319","0.306","0.298","0.297","0.290","0.286","0.282","0.277","0.273","0.281","0.270","0.257","0.307","0.306","0.296","0.293","0.287","0.283","0.279","0.274","0.269","0.265"
"IMF.RES:WEO(9.0.0)","NLD.LP.A","OBS_VALUE","Netherlands, The","Population, Persons for countries / Index for country groups","Annual","Millions","14.091","14.209","14.286","14.340","14.395","14.454","14.529","14.615","14.715","14.805","14.893","15.010","15.129","15.239","15.342","15.424","15.494","15.567","15.654","15.760","15.864","15.987","16.105","16.193","16.258","16.306","16.334","16.358","16.405","16.486","16.575","16.656","16.730","16.780","16.829","16.901","16.979","17.082","17.181","17.282","17.408","17.475","17.591","17.811","17.943","18.048","18.144","18.229","18.309","18.383","18.457"
"IMF.RES:WEO(9.0.0)","SWE.LP.A","OBS_VALUE","Sweden","Population, Persons for countries / Index for country groups","Annual","Millions","8.318","8.323","8.327","8.331","8.343","8.358","8.382","8.414","8.459","8.527","8.591","8.644","8.692","8.745","8.816","8.837","8.844","8.848","8.854","8.861","8.883","8.909","8.941","8.976","9.011","9.048","9.113","9.183","9.256","9.341","9.416","9.483","9.556","9.645","9.747","9.851","9.995","10.120","10.230","10.328","10.379","10.452","10.522","10.552","10.588","10.676","10.760","10.839","10.913","10.983","11.049"
"IMF.RES:WEO(9.0.0)","NOR.NGDP_R.A","OBS_VALUE","Norway","Gross domestic product (GDP), Constant prices, Domestic currency","Annual","Billions","2168.022","2202.672","2207.856","2295.574","2434.512","2569.709","2673.580","2720.463","2713.520","2741.693","2794.671","2880.872","2983.846","3068.742","3223.877","3357.849","3526.678","3713.048","3812.140","3891.129","4020.273","4103.377","4159.903","4199.211","4367.793","4485.073","4595.472","4729.386","4752.177","4659.967","4696.645","4748.572","4877.637","4927.203","5028.118","5121.508","5181.159","5308.810","5352.816","5412.968","5343.781","5552.653","5732.906","5737.041","5857.358","5926.555","6022.264","6115.940","6198.468","6280.944","6364.537"
"IMF.RES:WEO(9.0.0)","SWE.PPPSH.A","OBS_VALUE","Sweden","Gross domestic product (GDP), Purchasing power parity (PPP) international dollar, percent of world GDP, Percent, ICP benchmarks 2017-2021","Annual","Units","0.676","0.690","0.696","0.692","0.691","0.683","0.682","0.679","0.667","0.660","0.637","0.616","0.547","0.527","0.533","0.536","0.525","0.520","0.528","0.531","0.529","0.523","0.521","0.512","0.507","0.498","0.496","0.487","0.469","0.452","0.455","0.452","0.436","0.427","0.422","0.426","0.422","0.414","0.406","0.416","0.424","0.415","0.406","0.391","0.382","0.373","0.369","0.364","0.359","0.354","0.349"
"IMF.RES:WEO(9.0.0)","NLD.PPPSH.A","OBS_VALUE","Netherlands, The","Gross domestic product (GDP), Purchasing power parity (PPP) international dollar, percent of world GDP, Percent, ICP benchmarks 2017-2021","Annual","Units","1.297","1.261","1.238","1.229","1.213","1.202","1.200","1.177","1.179","1.189","1.190","1.192","1.087","1.081","1.082","1.077","1.073","1.075","1.096","1.112","1.103","1.101","1.074","1.038","1.007","0.982","0.966","0.954","0.948","0.919","0.886","0.868","0.833","0.806","0.792","0.782","0.777","0.770","0.764","0.769","0.778","0.774","0.784","0.754","0.738","0.726","0.713","0.700","0.688","0.676","0.664"
"IMF.RES:WEO(9.0.0)","NLD.NGDP_R.A","OBS_VALUE","Netherlands, The","Gross domestic product (GDP), Constant prices, Domestic currency","Annual","Billions","378.174","376.231","371.404","377.935","389.719","400.071","412.577","420.210","439.477","459.168","478.353","490.079","497.865","504.159","519.327","535.592","553.886","577.402","604.272","634.718","661.552","676.953","678.620","679.285","692.962","707.023","732.044","760.462","776.636","748.131","757.983","771.451","763.911","763.667","775.979","792.438","811.653","834.241","853.097","872.718","838.886","891.550","936.192","930.569","940.622","954.099","965.762","979.105","992.505","1005.408","1017.562"
"IMF.RES:WEO(9.0.0)","LIE.LP.A","OBS_VALUE","Liechtenstein, Principality of","Population, Persons for countries / Index for country groups","Annual","Millions","","","","","","","","","","","","","","","","","","","","","0.033","0.034","0.034","0.034","0.035","0.035","0.035","0.035","0.036","0.036","0.036","0.036","0.037","0.037","0.037","0.038","0.038","0.038","0.038","0.039","0.039","0.039","0.040","0.040","0.040","0.041","0.041","0.041","0.042","0.042","0.042"
"IMF.RES:WEO(9.0.0)","AND.PPPSH.A","OBS_VALUE","Andorra, Principality of","Gross domestic product (GDP), Purchasing power parity (PPP) international dollar, percent of world GDP, Percent, ICP benchmarks 2017-2021","Annual","Units","","","","","","","","","","","","","","","","","","","","","0.004","0.005","0.005","0.005","0.005","0.005","0.005","0.005","0.005","0.004","0.004","0.004","0.004","0.003","0.003","0.003","0.003","0.003","0.003","0.003","0.003","0.003","0.003","0.003","0.003","0.003","0.003","0.003","0.003","0.003","0.003"
"IMF.RES:WEO(9.0.0)","CAN.PPPSH.A","OBS_VALUE","Canada","Gross domestic product (GDP), Purchasing power parity (PPP) international dollar, percent of world GDP, Percent, ICP benchmarks 2017-2021","Annual","Units","2.197","2.222","2.141","2.141","2.171","2.195","2.170","2.175","2.175","2.148","2.068","1.980","1.794","1.807","1.836","1.819","1.782","1.786","1.807","1.836","1.836","1.826","1.830","1.797","1.762","1.738","1.697","1.646","1.617","1.580","1.549","1.539","1.517","1.503","1.494","1.455","1.426","1.416","1.397","1.351","1.317","1.368","1.376","1.350","1.328","1.303","1.284","1.267","1.249","1.232","1.215"
"IMF.RES:WEO(9.0.0)","LIE.NGDP_R.A","OBS_VALUE","Liechtenstein, Principality of","Gross domestic product (GDP), Constant prices, Domestic currency","Annual","Billions","","","","","","","","","","","","","","","","","","","","","5.286","5.246","5.215","5.077","5.268","5.545","5.984","6.454","6.319","5.576","5.857","5.618","5.613","5.922","6.135","6.147","6.295","6.697","6.929","6.779","6.418","7.615","7.199","7.541","7.654","7.731","7.847","8.004","8.164","8.327","8.493"
"IMF.RES:WEO(9.0.0)","LIE.PPPSH.A","OBS_VALUE","Liechtenstein, Principality of","Gross domestic product (GDP), Purchasing power parity (PPP) international dollar, percent of world GDP, Percent, ICP benchmarks 2017-2021","Annual","Units","","","","","","","","","","","","","","","","","","","","","0.006","0.006","0.006","0.005","0.005","0.005","0.006","0.006","0.005","0.005","0.005","0.004","0.004","0.004","0.004","0.004","0.004","0.004","0.004","0.004","0.004","0.004","0.004","0.004","0.004","0.004","0.004","0.004","0.004","0.004","0.004"
"IMF.RES:WEO(9.0.0)","CHE.PPPSH.A","OBS_VALUE","Switzerland","Gross domestic product (GDP), Purchasing power parity (PPP) international dollar, percent of world GDP, Percent, ICP benchmarks 2017-2021","Annual","Units","0.903","0.897","0.880","0.863","0.852","0.853","0.841","0.822","0.813","0.820","0.817","0.791","0.710","0.696","0.685","0.665","0.643","0.632","0.634","0.622","0.616","0.611","0.594","0.573","0.559","0.549","0.544","0.537","0.537","0.528","0.518","0.509","0.499","0.492","0.486","0.478","0.473","0.462","0.454","0.450","0.449","0.453","0.451","0.439","0.431","0.422","0.415","0.406","0.401","0.393","0.389"
"IMF.RES:WEO(9.0.0)","CAN.NGDP_R.A","OBS_VALUE","Canada","Gross domestic product (GDP), Constant prices, Domestic currency","Annual","Billions","893.842","925.154","895.862","918.816","973.013","1019.111","1040.732","1083.110","1130.885","1157.317","1159.666","1135.417","1145.527","1175.972","1228.821","1261.782","1283.093","1338.011","1390.098","1461.563","1536.666","1565.480","1612.433","1641.560","1692.323","1746.654","1792.730","1829.479","1847.690","1793.828","1849.272","1907.287","1940.773","1985.911","2042.976","2056.255","2077.610","2140.641","2199.358","2241.331","2128.408","2255.059","2349.525","2385.443","2422.532","2450.454","2488.216","2534.986","2577.692","2622.313","2665.182"
"IMF.RES:WEO(9.0.0)","CHE.NGDP_R.A","OBS_VALUE","Switzerland","Gross domestic product (GDP), Constant prices, Domestic currency","Annual","Billions","363.294","369.220","364.272","366.474","377.715","391.739","398.933","405.085","418.384","436.923","453.144","448.934","448.283","447.636","453.460","456.104","458.181","468.413","482.151","489.997","510.094","518.339","518.111","517.543","530.789","545.977","568.603","590.910","606.776","592.788","611.835","623.460","630.979","642.689","657.384","667.714","681.723","691.457","711.248","719.521","703.025","742.208","765.397","771.036","781.548","788.941","799.001","807.790","822.331","832.198","847.178"
"IMF.RES:WEO(9.0.0)","CAN.LP.A","OBS_VALUE","Canada","Population, Persons for countries / Index for country groups","Annual","Millions","24.471","24.785","25.083","25.336","25.577","25.813","26.067","26.398","26.751","27.215","27.632","27.987","28.324","28.651","28.960","29.263","29.570","29.868","30.124","30.367","30.647","30.971","31.308","31.602","31.899","32.203","32.529","32.849","33.199","33.582","33.959","34.299","34.664","35.032","35.389","35.676","36.053","36.494","37.009","37.555","37.998","38.221","38.866","39.969","41.144","41.569","41.564","41.601","41.853","42.187","42.522"
"IMF.RES:WEO(9.0.0)","AND.LP.A","OBS_VALUE","Andorra, Principality of","Population, Persons for countries / Index for country groups","Annual","Millions","","","","","","","","","","","","","","","","","","","","","","","","","","","","","","","0.070","0.070","0.070","0.070","0.071","0.072","0.073","0.075","0.076","0.078","0.078","0.080","0.082","0.085","0.087","0.089","0.091","0.093","0.096","0.098","0.100"
"IMF.RES:WEO(9.0.0)","JPN.NGDP_R.A","OBS_VALUE","Japan","Gross domestic product (GDP), Constant prices, Domestic currency","Annual","Billions","273390.300","285038.300","294387.000","305073.800","318530.200","334965.700","345999.600","362084.700","386205.400","405229.200","424846.100","439814.800","443775.800","441737.800","446522.300","458270.200","472631.900","477269.500","471206.700","469633.100","482616.900","484480.200","484683.500","492124.100","502882.400","511954.000","518979.700","526681.200","520233.100","490615.100","510720.000","510841.600","517864.400","528248.100","529812.700","538081.200","542137.500","551220.000","554766.600","552535.400","529501.400","543779.900","549002.400","555837.900","556417.700","562403.889","565961.742","569552.679","572693.754","575692.694","578546.142"
"IMF.RES:WEO(9.0.0)","G163.BX.A","OBS_VALUE","Euro Area (EA)","Exports of goods and services, US dollar","Annual","Billions","","","","","","","","","","","","","","","","","","","","1121.284","1169.797","1204.368","1310.184","1544.870","1862.049","2031.580","2308.322","2755.409","3071.498","2469.737","2749.518","3219.505","3223.221","3322.143","3481.297","3177.139","3186.768","3508.735","3802.750","3763.706","3467.148","4172.510","4448.623","4549.885","4695.419","","","","","",""
"IMF.RES:WEO(9.0.0)","AND.NGDP_R.A","OBS_VALUE","Andorra, Principality of","Gross domestic product (GDP), Constant prices, Domestic currency","Annual","Billions","","","","","","","","","","","","","","","","","","","","","1.992","2.153","2.251","2.447","2.646","2.789","2.923","2.968","2.803","2.655","2.602","2.602","2.473","2.385","2.445","2.480","2.572","2.581","2.622","2.674","2.375","2.572","2.818","2.891","2.989","3.060","3.109","3.156","3.203","3.251","3.300"
"IMF.RES:WEO(9.0.0)","JPN.PPPSH.A","OBS_VALUE","Japan","Gross domestic product (GDP), Purchasing power parity (PPP) international dollar, percent of world GDP, Percent, ICP benchmarks 2017-2021","Annual","Units","7.778","7.924","8.142","8.229","8.224","8.348","8.351","8.413","8.596","8.706","8.768","8.875","8.041","7.858","7.721","7.645","7.597","7.371","7.088","6.826","6.674","6.539","6.366","6.236","6.060","5.897","5.684","5.484","5.269","5.000","4.951","4.770","4.685","4.626","4.484","4.408","4.307","4.220","4.028","3.844","3.819","3.568","3.476","3.403","3.298","3.234","3.158","3.080","3.001","2.926","2.853"
"IMF.RES:WEO(9.0.0)","JPN.LP.A","OBS_VALUE","Japan","Population, Persons for countries / Index for country groups","Annual","Millions","116.769","117.623","118.451","119.271","120.050","120.800","121.446","122.031","122.548","123.028","123.438","123.928","124.367","124.770","125.116","125.436","125.711","126.011","126.349","126.587","126.831","127.132","127.400","127.634","127.734","127.752","127.746","127.757","127.692","127.551","127.594","127.831","127.552","127.333","127.120","126.978","126.960","126.746","126.495","126.221","125.849","125.492","125.063","124.482","123.890","123.291","122.656","121.999","121.319","120.619","119.898"
"IMF.RES:WEO(9.0.0)","FIN.NGDP_R.A","OBS_VALUE","Finland","Gross domestic product (GDP), Constant prices, Domestic currency","Annual","Billions","103.692","105.033","108.276","111.657","115.245","119.321","122.573","126.936","133.551","140.344","140.641","132.371","127.987","126.988","132.021","137.609","142.648","151.774","160.052","167.077","176.690","181.355","184.415","188.125","195.660","201.095","209.178","220.292","222.019","204.089","210.554","215.585","212.301","210.221","209.216","210.192","215.598","222.720","225.377","228.419","222.729","228.690","230.435","228.271","229.199","230.361","233.382","236.456","239.580","242.550","245.434"
"IMF.RES:WEO(9.0.0)","FIN.LP.A","OBS_VALUE","Finland","Population, Persons for countries / Index for country groups","Annual","Millions","4.771","4.788","4.812","4.842","4.870","4.894","4.911","4.926","4.939","4.954","4.974","4.998","5.029","5.055","5.078","5.099","5.117","5.132","5.147","5.160","5.171","5.181","5.195","5.206","5.220","5.237","5.256","5.277","5.300","5.326","5.351","5.375","5.401","5.427","5.451","5.472","5.487","5.503","5.513","5.518","5.525","5.534","5.548","5.564","5.604","5.612","5.616","5.616","5.612","5.608","5.603"
"IMF.RES:WEO(9.0.0)","ERI.LP.A","OBS_VALUE","Eritrea, The State of","Population, Persons for countries / Index for country groups","Annual","Millions","","","","","","","","","","","","","2.258","2.239","2.218","2.204","2.196","2.195","2.206","2.237","2.292","2.375","2.481","2.601","2.720","2.827","2.918","2.997","3.063","3.120","3.170","3.214","3.250","3.281","3.311","3.343","3.377","3.413","3.453","3.497","","","","","","","","","","",""
"IMF.RES:WEO(9.0.0)","G163.BM.A","OBS_VALUE","Euro Area (EA)","Imports of goods and services, US dollar","Annual","Billions","","","","","","","","","","","","","","","","","","","","1075.610","1177.243","1148.334","1180.699","1409.583","1708.683","1934.989","2255.377","2646.402","3044.039","2351.103","2649.214","3106.999","2962.483","2981.852","3052.753","2714.114","2708.647","2987.577","3307.734","3350.202","3079.570","3694.498","4319.815","4135.007","4122.479","","","","","",""
"IMF.RES:WEO(9.0.0)","IRL.PPPSH.A","OBS_VALUE","Ireland","Gross domestic product (GDP), Purchasing power parity (PPP) international dollar, percent of world GDP, Percent, ICP benchmarks 2017-2021","Annual","Units","0.212","0.212","0.214","0.207","0.205","0.201","0.196","0.195","0.193","0.197","0.203","0.202","0.188","0.189","0.194","0.206","0.216","0.230","0.243","0.260","0.271","0.278","0.287","0.285","0.289","0.292","0.292","0.292","0.272","0.259","0.251","0.246","0.237","0.234","0.248","0.299","0.293","0.311","0.319","0.326","0.351","0.378","0.392","0.369","0.367","0.388","0.382","0.379","0.376","0.373","0.371"
"IMF.RES:WEO(9.0.0)","MLT.LP.A","OBS_VALUE","Malta","Population, Persons for countries / Index for country groups","Annual","Millions","0.315","0.318","0.320","0.332","0.329","0.332","0.341","0.343","0.346","0.349","0.352","0.362","0.366","0.369","0.373","0.376","0.378","0.381","0.384","0.386","0.389","0.391","0.395","0.397","0.400","0.403","0.405","0.406","0.408","0.411","0.414","0.415","0.418","0.421","0.428","0.439","0.450","0.459","0.475","0.493","0.515","0.516","0.520","0.542","0.553","0.563","0.573","0.584","0.594","0.604","0.614"
"IMF.RES:WEO(9.0.0)","PRT.LP.A","OBS_VALUE","Portugal","Population, Persons for countries / Index for country groups","Annual","Millions","9.766","9.851","9.912","9.958","9.996","10.024","10.033","10.030","10.020","10.005","9.983","9.960","9.952","9.965","9.992","10.026","10.064","10.109","10.160","10.218","10.290","10.363","10.420","10.459","10.484","10.503","10.522","10.543","10.558","10.568","10.573","10.575","10.531","10.474","10.420","10.382","10.357","10.340","10.335","10.354","10.385","10.408","10.469","10.578","10.683","10.757","10.730","10.703","10.676","10.654","10.633"
"IMF.RES:WEO(9.0.0)","ESP.NGDP_R.A","OBS_VALUE","Spain","Gross domestic product (GDP), Constant prices, Domestic currency","Annual","Billions","522.186","520.056","526.497","535.197","544.286","557.141","576.261","609.160","641.351","673.444","699.349","717.011","723.110","713.610","730.270","760.373","778.783","808.887","845.034","885.133","929.858","966.301","992.927","1022.112","1053.946","1091.374","1135.503","1175.626","1184.645","1140.006","1141.079","1133.777","1101.293","1085.574","1102.080","1146.833","1180.266","1214.447","1243.538","1267.926","1129.214","1204.681","1281.423","1312.958","1358.323","1397.821","1425.184","1449.859","1473.055","1496.596","1520.400"
"IMF.RES:WEO(9.0.0)","ISL.LP.A","OBS_VALUE","Iceland","Population, Persons for countries / Index for country groups","Annual","Millions","0.227","0.229","0.232","0.236","0.238","0.241","0.242","0.244","0.248","0.252","0.254","0.256","0.260","0.262","0.265","0.267","0.268","0.270","0.272","0.276","0.279","0.283","0.287","0.288","0.291","0.294","0.300","0.308","0.315","0.319","0.318","0.312","0.313","0.316","0.320","0.323","0.326","0.333","0.342","0.349","0.354","0.358","0.365","0.375","0.384","0.391","0.400","0.408","0.417","0.425","0.433"
"IMF.RES:WEO(9.0.0)","GRC.PPPSH.A","OBS_VALUE","Greece","Gross domestic product (GDP), Purchasing power parity (PPP) international dollar, percent of world GDP, Percent, ICP benchmarks 2017-2021","Annual","Units","0.685","0.659","0.648","0.625","0.610","0.604","0.588","0.553","0.553","0.554","0.532","0.536","0.485","0.468","0.464","0.457","0.447","0.445","0.448","0.445","0.440","0.450","0.458","0.468","0.469","0.453","0.459","0.451","0.439","0.424","0.380","0.330","0.293","0.277","0.270","0.261","0.253","0.247","0.241","0.243","0.225","0.226","0.231","0.228","0.226","0.223","0.221","0.218","0.214","0.211","0.208"
"IMF.RES:WEO(9.0.0)","IRL.LP.A","OBS_VALUE","Ireland","Population, Persons for countries / Index for country groups","Annual","Millions","3.426","3.468","3.505","3.530","3.555","3.566","3.566","3.572","3.556","3.535","3.531","3.551","3.580","3.600","3.612","3.628","3.653","3.691","3.730","3.773","3.828","3.888","3.956","4.021","4.100","4.200","4.321","4.445","4.516","4.547","4.568","4.585","4.605","4.631","4.667","4.714","4.781","4.848","4.920","4.995","5.053","5.122","5.240","5.329","5.420","5.489","5.546","5.597","5.647","5.696","5.743"
"IMF.RES:WEO(9.0.0)","ISL.PPPSH.A","OBS_VALUE","Iceland","Gross domestic product (GDP), Purchasing power parity (PPP) international dollar, percent of world GDP, Percent, ICP benchmarks 2017-2021","Annual","Units","0.022","0.022","0.022","0.021","0.021","0.021","0.022","0.023","0.022","0.021","0.020","0.020","0.017","0.017","0.017","0.017","0.017","0.017","0.018","0.018","0.018","0.018","0.017","0.017","0.018","0.018","0.018","0.019","0.019","0.017","0.016","0.016","0.015","0.015","0.015","0.015","0.016","0.016","0.015","0.016","0.015","0.015","0.016","0.016","0.015","0.015","0.015","0.015","0.015","0.015","0.015"
"IMF.RES:WEO(9.0.0)","ISL.NGDP_R.A","OBS_VALUE","Iceland","Gross domestic product (GDP), Constant prices, Domestic currency","Annual","Billions","1125.863","1173.882","1199.173","1173.377","1221.828","1262.061","1341.198","1455.817","1454.510","1458.270","1475.323","1472.022","1422.357","1441.039","1493.042","1494.785","1562.015","1626.697","1740.735","1808.588","1897.303","1970.177","1980.861","2026.053","2180.490","2333.763","2466.126","2681.699","2727.277","2500.328","2444.775","2478.514","2507.495","2597.687","2647.403","2747.172","2917.994","3019.688","3160.429","3196.400","2983.973","3138.559","3415.402","3592.530","3557.659","3608.443","3691.637","3781.134","3873.335","3967.569","4062.676"
"IMF.RES:WEO(9.0.0)","IRL.NGDP_R.A","OBS_VALUE","Ireland","Gross domestic product (GDP), Constant prices, Domestic currency","Annual","Billions","65.033","66.667","67.663","67.170","69.322","70.672","70.972","73.556","75.761","80.014","86.184","87.598","90.734","92.834","98.305","107.736","117.531","130.162","141.571","156.478","171.194","180.277","190.913","196.666","210.015","222.070","233.146","245.527","234.517","222.566","226.312","229.954","229.022","234.044","256.011","319.051","322.952","355.600","382.940","401.983","430.740","500.771","538.384","524.729","538.369","587.431","594.879","609.964","624.703","638.804","653.512"
"IMF.RES:WEO(9.0.0)","FIN.PPPSH.A","OBS_VALUE","Finland","Gross domestic product (GDP), Purchasing power parity (PPP) international dollar, percent of world GDP, Percent, ICP benchmarks 2017-2021","Annual","Units","0.361","0.357","0.366","0.369","0.364","0.364","0.362","0.361","0.364","0.369","0.355","0.327","0.284","0.276","0.279","0.281","0.281","0.287","0.295","0.297","0.299","0.300","0.296","0.292","0.289","0.283","0.280","0.281","0.275","0.255","0.250","0.246","0.235","0.225","0.217","0.211","0.210","0.209","0.205","0.205","0.210","0.202","0.197","0.188","0.183","0.179","0.176","0.172","0.169","0.166","0.163"
"IMF.RES:WEO(9.0.0)","GRC.LP.A","OBS_VALUE","Greece","Population, Persons for countries / Index for country groups","Annual","Millions","9.584","9.701","9.758","9.821","9.872","9.920","9.949","9.985","10.016","10.058","10.121","10.273","10.367","10.431","10.490","10.536","10.588","10.629","10.693","10.748","10.776","10.836","10.888","10.916","10.940","10.970","11.005","11.036","11.061","11.095","11.119","11.123","11.086","11.004","10.927","10.858","10.784","10.768","10.741","10.725","10.719","10.679","10.460","10.414","10.401","10.380","10.364","10.349","10.333","10.318","10.302"
"IMF.RES:WEO(9.0.0)","GRC.NGDP_R.A","OBS_VALUE","Greece","Gross domestic product (GDP), Constant prices, Domestic currency","Annual","Billions","131.661","129.612","128.147","126.766","129.309","132.559","133.242","130.235","135.819","140.979","140.979","145.352","146.365","144.025","146.905","149.990","152.063","157.542","162.956","167.289","174.211","182.313","190.851","201.914","212.773","215.291","229.163","237.199","237.336","227.559","214.603","193.407","177.294","173.265","174.638","174.239","174.184","176.750","180.399","184.507","167.540","182.039","192.495","196.984","201.459","205.416","209.613","212.703","216.085","219.469","222.903"
"IMF.RES:WEO(9.0.0)","PRT.PPPSH.A","OBS_VALUE","Portugal","Gross domestic product (GDP), Purchasing power parity (PPP) international dollar, percent of world GDP, Percent, ICP benchmarks 2017-2021","Annual","Units","0.481","0.486","0.494","0.487","0.461","0.452","0.453","0.469","0.473","0.487","0.505","0.510","0.472","0.461","0.454","0.449","0.447","0.449","0.458","0.460","0.454","0.452","0.443","0.424","0.410","0.395","0.382","0.372","0.363","0.354","0.342","0.324","0.301","0.289","0.281","0.277","0.274","0.272","0.271","0.277","0.264","0.256","0.265","0.263","0.259","0.256","0.254","0.250","0.246","0.242","0.239"
"IMF.RES:WEO(9.0.0)","MLT.PPPSH.A","OBS_VALUE","Malta","Gross domestic product (GDP), Purchasing power parity (PPP) international dollar, percent of world GDP, Percent, ICP benchmarks 2017-2021","Annual","Units","0.015","0.015","0.015","0.015","0.014","0.014","0.014","0.014","0.015","0.015","0.015","0.016","0.015","0.015","0.016","0.016","0.016","0.016","0.016","0.017","0.016","0.015","0.015","0.015","0.014","0.014","0.014","0.014","0.014","0.014","0.014","0.014","0.014","0.014","0.015","0.016","0.016","0.017","0.018","0.018","0.018","0.019","0.019","0.020","0.021","0.021","0.021","0.022","0.022","0.022","0.022"
"IMF.RES:WEO(9.0.0)","MLT.NGDP_R.A","OBS_VALUE","Malta","Gross domestic product (GDP), Constant prices, Domestic currency","Annual","Billions","","","","","","","","","","","","","","","","","","","","","6.701","6.650","6.833","7.085","7.114","7.319","7.490","7.867","8.214","8.099","8.601","8.687","9.043","9.612","10.345","11.341","11.803","13.334","14.293","14.877","14.362","16.289","16.693","18.466","19.722","20.491","21.290","22.142","23.027","23.948","24.906"
"IMF.RES:WEO(9.0.0)","PRT.NGDP_R.A","OBS_VALUE","Portugal","Gross domestic product (GDP), Constant prices, Domestic currency","Annual","Billions","100.341","103.876","106.123","107.154","106.038","107.773","111.351","119.850","126.249","134.643","145.226","150.119","154.818","153.754","156.044","159.644","165.239","172.511","180.805","187.868","195.038","198.828","200.361","198.497","202.047","203.627","206.936","212.123","212.800","206.157","209.739","206.145","197.794","195.848","197.300","200.436","204.453","211.230","217.454","223.424","205.093","216.494","231.618","237.670","242.246","246.776","252.007","255.699","259.918","264.207","268.566"
"IMF.RES:WEO(9.0.0)","ESP.LP.A","OBS_VALUE","Spain","Population, Persons for countries / Index for country groups","Annual","Millions","37.760","38.118","38.322","38.502","38.655","38.792","38.904","38.995","39.078","39.155","39.224","39.328","39.458","39.581","39.688","39.781","39.873","39.978","40.118","40.325","40.666","41.035","41.828","42.547","43.296","44.010","44.785","45.669","46.239","46.487","46.667","46.818","46.713","46.496","46.426","46.419","46.497","46.645","46.919","47.318","47.401","47.487","48.085","48.628","49.078","49.721","50.314","50.840","51.294","51.679","52.004"
"IMF.RES:WEO(9.0.0)","NZL.PPPSH.A","OBS_VALUE","New Zealand","Gross domestic product (GDP), Purchasing power parity (PPP) international dollar, percent of world GDP, Percent, ICP benchmarks 2017-2021","Annual","Units","0.230","0.231","0.237","0.231","0.236","0.230","0.227","0.224","0.216","0.209","0.201","0.194","0.175","0.181","0.186","0.188","0.189","0.186","0.182","0.183","0.182","0.182","0.185","0.187","0.186","0.184","0.180","0.177","0.172","0.171","0.165","0.162","0.161","0.159","0.160","0.160","0.161","0.161","0.155","0.158","0.162","0.154","0.153","0.151","0.145","0.142","0.141","0.140","0.139","0.137","0.136"
"IMF.RES:WEO(9.0.0)","NZL.NGDP_R.A","OBS_VALUE","New Zealand","Gross domestic product (GDP), Constant prices, Domestic currency","Annual","Billions","93.411","96.177","98.945","98.822","105.599","106.879","108.814","111.465","112.084","112.564","112.588","111.099","111.882","117.728","124.299","130.381","135.694","139.017","139.583","145.844","151.991","155.823","163.153","170.376","178.624","184.368","189.556","196.185","195.853","193.820","197.161","200.423","205.574","210.037","218.033","225.896","234.861","242.707","251.148","258.733","255.342","269.874","277.587","282.656","281.077","283.423","289.742","296.690","303.376","310.060","316.861"
"IMF.RES:WEO(9.0.0)","NZL.LP.A","OBS_VALUE","New Zealand","Population, Persons for countries / Index for country groups","Annual","Millions","3.108","3.125","3.149","3.179","3.211","3.242","3.272","3.301","3.331","3.366","3.406","3.496","3.533","3.574","3.622","3.676","3.734","3.783","3.816","3.837","3.860","3.887","3.951","4.028","4.089","4.136","4.185","4.226","4.262","4.305","4.353","4.386","4.411","4.447","4.520","4.613","4.717","4.815","4.901","4.977","5.068","5.084","5.090","5.199","5.290","5.324","5.377","5.430","5.484","5.538","5.593"
"IMF.RES:WEO(9.0.0)","AUS.LP.A","OBS_VALUE","Australia","Population, Persons for countries / Index for country groups","Annual","Millions","14.802","15.039","15.289","15.483","15.677","15.901","16.139","16.395","16.687","16.937","17.170","17.379","17.557","17.719","17.893","18.120","18.330","18.510","18.706","18.919","19.141","19.386","19.605","19.827","20.046","20.312","20.628","21.016","21.476","21.866","22.172","22.522","22.928","23.298","23.640","23.985","24.385","24.759","25.146","25.520","25.631","25.774","26.320","26.954","27.400","27.743","28.089","28.426","28.767","29.113","29.462"
"IMF.RES:WEO(9.0.0)","TUR.NGDP_R.A","OBS_VALUE","Türkiye, Republic of","Gross domestic product (GDP), Constant prices, Domestic currency","Annual","Billions","307.635","321.063","332.073","347.872","371.606","387.431","414.323","455.868","465.538","466.715","509.910","514.632","545.430","589.295","557.143","597.202","639.049","687.154","708.404","686.778","734.751","694.638","739.342","782.217","859.855","938.202","1004.510","1055.822","1065.537","1013.510","1100.086","1220.875","1279.570","1388.184","1452.051","1536.351","1587.414","1711.643","1771.005","1794.057","1826.405","2042.124","2153.240","2261.874","2337.141","2418.790","2508.119","2601.536","2700.925","2803.353","2910.322"
"IMF.RES:WEO(9.0.0)","TUR.LP.A","OBS_VALUE","Türkiye, Republic of","Population, Persons for countries / Index for country groups","Annual","Millions","44.950","45.985","47.045","48.116","49.180","50.222","51.239","52.233","53.206","54.166","55.116","56.055","56.986","57.913","58.837","59.756","60.671","61.582","62.464","63.364","64.269","65.166","66.003","66.795","67.599","68.435","69.295","70.158","71.052","72.039","73.142","74.224","75.176","76.148","77.182","78.218","79.278","80.313","81.407","82.579","83.385","84.147","84.980","85.326","85.519","86.026","86.447","86.856","87.252","87.636","88.006"
"IMF.RES:WEO(9.0.0)","AUS.NGDP_R.A","OBS_VALUE","Australia","Gross domestic product (GDP), Constant prices, Domestic currency","Annual","Billions","713.275","742.713","743.179","739.659","786.598","829.518","849.825","891.404","929.318","972.375","986.901","977.210","1002.532","1041.844","1092.628","1124.874","1169.560","1224.682","1281.889","1338.766","1380.251","1416.149","1475.048","1519.528","1582.033","1629.963","1672.659","1745.241","1790.527","1825.686","1869.855","1921.939","1994.759","2039.022","2091.515","2140.461","2198.130","2250.443","2313.262","2358.041","2311.977","2437.241","2537.947","2590.381","2616.879","2664.226","2721.480","2780.085","2841.928","2905.818","2972.607"
"IMF.RES:WEO(9.0.0)","TUR.PPPSH.A","OBS_VALUE","Türkiye, Republic of","Gross domestic product (GDP), Purchasing power parity (PPP) international dollar, percent of world GDP, Percent, ICP benchmarks 2017-2021","Annual","Units","1.220","1.244","1.280","1.308","1.337","1.346","1.394","1.476","1.444","1.397","1.467","1.447","1.377","1.461","1.343","1.388","1.431","1.479","1.485","1.391","1.416","1.307","1.353","1.381","1.444","1.506","1.533","1.532","1.504","1.440","1.486","1.589","1.613","1.694","1.713","1.754","1.757","1.826","1.757","1.704","1.736","1.737","1.767","1.795","1.795","1.803","1.814","1.823","1.834","1.846","1.860"
"IMF.RES:WEO(9.0.0)","AUS.PPPSH.A","OBS_VALUE","Australia","Gross domestic product (GDP), Purchasing power parity (PPP) international dollar, percent of world GDP, Percent, ICP benchmarks 2017-2021","Annual","Units","1.151","1.172","1.166","1.132","1.152","1.173","1.164","1.175","1.174","1.185","1.156","1.119","1.031","1.052","1.072","1.065","1.067","1.073","1.094","1.104","1.083","1.085","1.099","1.093","1.082","1.065","1.040","1.031","1.029","1.056","1.028","1.018","1.024","1.013","1.004","0.995","0.991","0.978","0.971","0.972","0.983","0.990","0.995","0.982","0.960","0.948","0.940","0.930","0.922","0.914","0.907"
"IMF.RES:WEO(9.0.0)","ESP.PPPSH.A","OBS_VALUE","Spain","Gross domestic product (GDP), Purchasing power parity (PPP) international dollar, percent of world GDP, Percent, ICP benchmarks 2017-2021","Annual","Units","2.377","2.313","2.330","2.309","2.248","2.221","2.225","2.264","2.284","2.315","2.309","2.315","2.096","2.031","2.020","2.029","2.002","1.999","2.033","2.058","2.057","2.086","2.086","2.072","2.032","2.011","1.990","1.958","1.919","1.859","1.770","1.694","1.594","1.521","1.492","1.503","1.500","1.487","1.446","1.476","1.328","1.331","1.366","1.354","1.356","1.354","1.339","1.320","1.300","1.281","1.263"
"IMF.RES:WEO(9.0.0)","G205.PPPSH.A","OBS_VALUE","Latin America and the Caribbean (LAC)","Gross domestic product (GDP), Purchasing power parity (PPP) international dollar, percent of world GDP, Percent, ICP benchmarks 2017-2021","Annual","Units","12.338","12.183","12.059","11.388","11.319","11.214","11.249","11.186","10.812","10.493","10.151","10.307","9.574","9.777","9.933","9.667","9.659","9.794","9.813","9.493","9.357","9.175","8.922","8.774","8.835","8.810","8.842","8.865","8.952","8.790","8.861","8.926","8.899","8.856","8.665","8.407","8.073","7.875","7.724","7.465","7.209","7.282","7.323","7.244","7.175","7.128","7.075","7.035","7.001","6.975","6.944"
"IMF.RES:WEO(9.0.0)","G200.BX.A","OBS_VALUE","Emerging Market and Developing Economies","Exports of goods and services, US dollar","Annual","Billions","","","","","","","","","","","","","","","","","","1472.180","1380.307","1443.511","1788.342","1763.806","1917.795","2321.723","3009.141","3761.050","4557.038","5473.927","6671.801","5285.468","6645.612","8256.177","8587.662","8861.007","8872.907","7642.828","7328.605","8282.694","9219.226","9086.115","8220.457","10705.928","12373.639","11876.110","12558.253","13017.897","13458.835","","","",""
"IMF.RES:WEO(9.0.0)","G205.BM.A","OBS_VALUE","Latin America and the Caribbean (LAC)","Imports of goods and services, US dollar","Annual","Billions","129.858","147.180","119.788","86.769","90.588","91.846","93.474","102.558","118.839","129.797","148.394","171.532","205.098","226.199","259.014","282.429","311.860","368.331","388.321","375.035","434.902","427.443","399.651","413.483","500.128","593.794","700.377","841.897","1019.499","793.784","1020.977","1250.827","1324.313","1364.212","1360.790","1212.989","1114.501","1214.095","1333.827","1291.891","1061.559","1432.172","1752.504","1695.791","1761.340","1842.138","1880.202","","","",""
"IMF.RES:WEO(9.0.0)","G200.PPPSH.A","OBS_VALUE","Emerging Market and Developing Economies","Gross domestic product (GDP), Purchasing power parity (PPP) international dollar, percent of world GDP, Percent, ICP benchmarks 2017-2021","Annual","Units","35.402","35.458","35.664","35.289","35.115","35.065","35.067","35.150","34.945","34.713","35.393","35.852","40.876","41.082","40.811","40.740","41.173","41.488","41.438","41.385","41.918","42.390","43.033","43.941","44.965","45.913","46.996","48.237","49.498","50.908","51.881","52.847","53.806","54.625","55.229","55.651","56.210","56.707","57.464","57.829","58.285","58.812","59.084","59.777","60.351","60.920","61.462","62.013","62.555","63.110","63.655"
"IMF.RES:WEO(9.0.0)","ZAF.LP.A","OBS_VALUE","South Africa","Population, Persons for countries / Index for country groups","Annual","Millions","29.080","29.830","30.610","31.410","32.210","32.980","33.730","34.460","35.200","35.970","36.790","37.690","38.650","39.620","40.560","41.430","42.210","42.920","43.580","44.230","44.900","45.724","46.573","47.005","47.505","48.061","48.642","49.265","49.936","50.654","51.405","52.217","53.068","53.940","54.830","55.711","56.543","57.366","58.233","59.131","60.003","60.642","61.356","62.180","63.016","63.957","64.912","65.882","66.866","67.864","68.878"
"IMF.RES:WEO(9.0.0)","ZAF.PPPSH.A","OBS_VALUE","South Africa","Gross domestic product (GDP), Purchasing power parity (PPP) international dollar, percent of world GDP, Percent, ICP benchmarks 2017-2021","Annual","Units","1.065","1.097","1.087","1.041","1.047","0.998","0.967","0.950","0.949","0.938","0.898","0.869","0.764","0.759","0.761","0.757","0.761","0.750","0.734","0.727","0.720","0.722","0.729","0.724","0.719","0.724","0.727","0.728","0.731","0.724","0.710","0.705","0.700","0.694","0.680","0.667","0.651","0.635","0.590","0.566","0.547","0.536","0.528","0.514","0.501","0.491","0.482","0.474","0.467","0.462","0.456"
"IMF.RES:WEO(9.0.0)","ZAF.NGDP_R.A","OBS_VALUE","South Africa","Gross domestic product (GDP), Constant prices, Domestic currency","Annual","Billions","2032.312","2141.260","2133.050","2093.662","2200.421","2173.762","2174.150","2219.823","2313.058","2368.451","2360.925","2336.885","2286.945","2315.156","2389.241","2463.307","2569.229","2636.029","2649.210","2712.791","2826.728","2903.049","3010.473","3099.254","3240.412","3411.410","3602.579","3795.694","3916.816","3856.572","3973.802","4099.714","4197.952","4302.291","4363.118","4420.793","4450.171","4501.702","4571.783","4583.667","4300.904","4509.870","4602.690","4639.792","4664.608","4718.205","4772.511","4844.687","4927.160","5017.593","5109.642"
"IMF.RES:WEO(9.0.0)","G200.BM.A","OBS_VALUE","Emerging Market and Developing Economies","Imports of goods and services, US dollar","Annual","Billions","","","","","","","","","","","","","","","","","","1512.082","1439.216","1410.330","1659.621","1674.143","1794.528","2147.721","2751.328","3297.468","3935.358","4891.816","6014.667","4992.390","6206.922","7613.065","8015.500","8345.381","8502.101","7520.425","7228.733","8122.013","9014.675","8876.590","7881.110","10089.974","11432.748","11361.080","11916.683","12320.607","12880.178","","","",""
"IMF.RES:WEO(9.0.0)","G205.BX.A","OBS_VALUE","Latin America and the Caribbean (LAC)","Exports of goods and services, US dollar","Annual","Billions","119.336","129.939","119.572","118.807","130.345","124.779","106.629","121.325","136.869","151.989","169.522","169.480","179.092","191.419","218.505","269.630","299.484","331.190","329.766","348.889","417.195","401.761","406.575","443.234","544.129","656.258","778.716","880.967","1020.693","805.241","1006.071","1241.943","1280.745","1276.927","1254.414","1090.892","1062.920","1184.278","1278.908","1258.211","1084.409","1389.521","1664.446","1673.649","1752.942","1806.364","1852.129","","","",""
"IMF.RES:WEO(9.0.0)","COL.NGDP_R.A","OBS_VALUE","Colombia","Gross domestic product (GDP), Constant prices, Domestic currency","Annual","Billions","236301.221","241681.499","243973.657","247813.695","256117.148","264074.980","279454.908","294458.652","306425.962","316887.639","330456.762","338294.937","353021.779","373179.899","392388.761","412802.541","421289.161","435740.617","438223.398","419800.419","432079.000","439329.000","450330.000","467975.000","492932.000","514853.000","549434.000","586457.000","605713.000","612616.000","640150.000","684628.000","711415.000","747939.000","781589.000","804693.000","821489.000","832656.000","854008.000","881224.000","817900.000","906243.000","972655.000","979583.000","995241.000","1020346.095","1043529.033","1069617.259","1098496.925","1129913.937","1161099.562"
"IMF.RES:WEO(9.0.0)","CHL.NGDP_R.A","OBS_VALUE","Chile","Gross domestic product (GDP), Constant prices, Domestic currency","Annual","Billions","39896.651","42375.111","36617.199","35591.172","37685.906","38427.670","40578.170","43248.540","46400.425","51321.140","53205.308","57357.659","63762.621","67963.801","71382.514","77759.328","81635.499","87669.781","91335.156","91085.234","95613.646","98629.335","101788.234","106595.943","113710.428","120347.757","127628.786","134224.936","139311.245","137753.694","145814.558","154889.906","164423.907","169863.885","172908.950","176629.851","179726.240","182166.376","189434.868","190636.580","178924.870","199170.078","203460.188","204520.965","209929.136","215208.432","219512.921","224513.493","229736.854","235057.522","240263.229"
"IMF.RES:WEO(9.0.0)","CRI.NGDP_R.A","OBS_VALUE","Costa Rica","Gross domestic product (GDP), Constant prices, Domestic currency","Annual","Billions","8321.485","8133.458","7540.914","7756.541","8379.273","8439.738","8906.983","9331.359","9651.625","10198.484","10565.629","10804.736","11798.891","12636.281","13207.318","13755.944","13941.713","14705.184","15757.385","16421.529","17056.832","17652.315","18255.473","19043.594","19886.197","20677.005","22191.946","24015.044","25152.918","24933.219","26269.725","27426.423","28765.543","29483.176","30527.503","31642.392","32972.740","34343.648","35242.045","36094.025","34551.600","37293.532","38990.945","40984.131","42755.147","44291.175","45772.874","47394.636","49072.070","50799.407","52577.387"
"IMF.RES:WEO(9.0.0)","BOL.LP.A","OBS_VALUE","Bolivia","Population, Persons for countries / Index for country groups","Annual","Millions","5.161","5.587","5.703","5.822","5.944","6.068","6.195","6.324","6.456","6.591","6.728","6.869","7.012","7.213","7.419","7.567","7.717","7.871","8.026","8.183","8.430","8.590","8.750","8.910","9.070","9.230","9.390","9.550","9.710","9.870","10.030","10.190","10.350","10.510","10.670","10.830","10.990","11.150","11.310","11.470","11.630","11.800","11.960","12.130","12.290","12.450","","","","",""
"IMF.RES:WEO(9.0.0)","ARG.NGDP_R.A","OBS_VALUE","Argentina","Gross domestic product (GDP), Constant prices, Domestic currency","Annual","Billions","357.389","336.861","326.255","338.435","345.205","321.209","344.161","352.864","345.959","321.719","317.415","350.738","386.861","411.044","435.006","422.630","445.987","482.160","500.725","483.773","479.956","458.795","408.812","445.423","485.115","528.056","570.549","621.943","647.176","608.873","670.524","710.782","703.486","720.407","702.306","721.487","706.478","726.390","707.377","693.224","624.591","689.810","731.342","717.769","708.130","739.746","769.265","799.805","830.566","860.641","888.244"
"IMF.RES:WEO(9.0.0)","BOL.NGDP_R.A","OBS_VALUE","Bolivia","Gross domestic product (GDP), Constant prices, Domestic currency","Annual","Billions","15.258","15.303","14.701","14.106","14.078","13.842","13.486","13.818","14.220","14.759","15.443","16.256","16.524","17.230","18.034","18.877","19.701","20.677","21.717","21.809","22.356","22.733","23.298","23.929","24.928","26.030","27.279","28.524","30.278","31.294","32.586","34.281","36.037","38.487","40.588","42.560","44.374","46.236","48.189","49.257","44.953","47.700","49.420","50.943","51.315","51.623","","","","",""
"IMF.RES:WEO(9.0.0)","BRA.LP.A","OBS_VALUE","Brazil","Population, Persons for countries / Index for country groups","Annual","Millions","118.563","121.213","123.885","126.573","129.273","131.978","134.653","137.268","139.819","142.307","146.593","149.094","151.547","153.986","156.431","158.875","163.538","166.104","168.693","171.256","174.696","177.004","179.228","181.378","183.470","185.518","187.535","189.459","191.335","193.174","194.749","196.159","197.671","199.227","200.811","202.404","203.872","205.212","206.529","207.900","209.165","210.104","210.863","211.695","212.584","213.362","214.083","214.757","215.382","215.964","216.499"
"IMF.RES:WEO(9.0.0)","BOL.PPPSH.A","OBS_VALUE","Bolivia","Gross domestic product (GDP), Purchasing power parity (PPP) international dollar, percent of world GDP, Percent, ICP benchmarks 2017-2021","Annual","Units","0.095","0.093","0.089","0.083","0.080","0.075","0.071","0.070","0.069","0.069","0.070","0.072","0.065","0.067","0.068","0.069","0.069","0.070","0.071","0.069","0.068","0.067","0.067","0.066","0.066","0.066","0.065","0.065","0.067","0.070","0.069","0.070","0.071","0.074","0.075","0.076","0.077","0.077","0.078","0.076","0.070","0.072","0.072","0.072","0.070","0.068","","","","",""
"IMF.RES:WEO(9.0.0)","ARG.PPPSH.A","OBS_VALUE","Argentina","Gross domestic product (GDP), Purchasing power parity (PPP) international dollar, percent of world GDP, Percent, ICP benchmarks 2017-2021","Annual","Units","1.519","1.399","1.348","1.363","1.331","1.196","1.241","1.225","1.150","1.032","0.978","1.057","1.047","1.092","1.123","1.053","1.071","1.112","1.125","1.050","0.991","0.925","0.802","0.843","0.873","0.908","0.933","0.967","0.979","0.927","0.971","0.991","0.951","0.942","0.888","0.883","0.838","0.831","0.822","0.752","0.722","0.759","0.776","0.737","0.704","0.713","0.720","0.725","0.730","0.733","0.734"
"IMF.RES:WEO(9.0.0)","ARG.LP.A","OBS_VALUE","Argentina","Population, Persons for countries / Index for country groups","Annual","Millions","27.950","28.450","28.930","29.340","29.840","30.350","30.740","31.090","31.470","31.860","32.530","32.970","33.420","33.917","34.353","34.779","35.196","35.604","36.005","36.399","36.784","37.156","37.516","37.870","38.226","38.592","38.971","39.356","39.746","40.134","40.788","41.261","41.733","42.203","42.670","43.132","43.590","44.045","44.495","44.939","45.377","45.809","46.235","46.655","47.121","47.592","48.068","48.549","49.034","49.525","50.020"
"IMF.RES:WEO(9.0.0)","BRA.NGDP_R.A","OBS_VALUE","Brazil","Gross domestic product (GDP), Constant prices, Domestic currency","Annual","Billions","522.938","499.930","502.908","485.809","511.592","552.012","593.658","615.034","616.659","636.392","609.864","616.155","613.279","641.888","676.129","705.992","721.586","746.082","748.605","752.108","785.111","796.023","820.328","829.688","877.477","905.575","941.453","998.598","1049.470","1048.149","1127.057","1171.850","1194.363","1230.252","1236.452","1192.610","1153.541","1168.801","1189.649","1204.172","1164.715","1220.185","1256.994","1297.740","1341.810","1374.009","1400.699","1432.047","1465.060","1500.692","1538.029"
"IMF.RES:WEO(9.0.0)","SLV.PPPSH.A","OBS_VALUE","El Salvador","Gross domestic product (GDP), Purchasing power parity (PPP) international dollar, percent of world GDP, Percent, ICP benchmarks 2017-2021","Annual","Units","0.085","0.078","0.073","0.072","0.070","0.068","0.066","0.065","0.063","0.062","0.062","0.062","0.059","0.062","0.063","0.063","0.061","0.061","0.061","0.060","0.058","0.057","0.056","0.055","0.053","0.052","0.052","0.050","0.050","0.049","0.047","0.047","0.047","0.047","0.046","0.046","0.045","0.045","0.043","0.043","0.042","0.043","0.043","0.043","0.043","0.042","0.042","0.042","0.042","0.042","0.042"
"IMF.RES:WEO(9.0.0)","DOM.PPPSH.A","OBS_VALUE","Dominican Republic","Gross domestic product (GDP), Purchasing power parity (PPP) international dollar, percent of world GDP, Percent, ICP benchmarks 2017-2021","Annual","Units","0.107","0.109","0.110","0.112","0.109","0.103","0.103","0.109","0.107","0.108","0.098","0.097","0.096","0.102","0.101","0.103","0.106","0.110","0.115","0.118","0.117","0.117","0.119","0.113","0.111","0.116","0.120","0.123","0.123","0.125","0.129","0.128","0.128","0.130","0.134","0.139","0.144","0.144","0.146","0.153","0.149","0.156","0.159","0.157","0.159","0.159","0.161","0.164","0.167","0.170","0.173"
"IMF.RES:WEO(9.0.0)","CHL.LP.A","OBS_VALUE","Chile","Population, Persons for countries / Index for country groups","Annual","Millions","11.174","11.360","11.545","11.731","11.917","12.102","12.317","12.533","12.748","12.963","13.179","13.422","13.737","13.957","14.172","14.381","14.585","14.783","14.975","15.162","15.343","15.520","15.692","15.857","16.022","16.183","16.348","16.518","16.698","16.881","17.064","17.254","17.443","17.612","17.788","17.971","18.167","18.419","18.751","19.107","19.458","19.678","19.829","19.961","20.086","20.207","20.323","20.434","20.540","20.640","20.735"
"IMF.RES:WEO(9.0.0)","BRA.PPPSH.A","OBS_VALUE","Brazil","Gross domestic product (GDP), Purchasing power parity (PPP) international dollar, percent of world GDP, Percent, ICP benchmarks 2017-2021","Annual","Units","3.974","3.712","3.715","3.500","3.528","3.675","3.827","3.817","3.666","3.652","3.362","3.321","2.968","3.050","3.123","3.146","3.098","3.078","3.008","2.920","2.900","2.870","2.878","2.808","2.824","2.786","2.754","2.777","2.839","2.853","2.918","2.923","2.886","2.878","2.795","2.609","2.448","2.390","2.402","2.371","2.395","2.412","2.397","2.393","2.396","2.380","2.354","2.332","2.313","2.297","2.285"
"IMF.RES:WEO(9.0.0)","COL.LP.A","OBS_VALUE","Colombia","Population, Persons for countries / Index for country groups","Annual","Millions","27.639","28.255","28.875","29.498","30.124","29.921","30.541","31.181","31.834","32.494","33.156","33.845","34.522","35.181","35.817","36.426","37.019","37.505","38.088","38.573","39.152","39.656","40.156","40.661","41.166","41.672","42.170","42.659","43.134","43.609","44.086","44.553","45.002","45.435","45.866","46.314","46.830","47.419","48.258","49.396","50.408","51.117","51.683","52.216","52.696","53.111","53.475","53.808","54.120","54.417","54.706"
"IMF.RES:WEO(9.0.0)","CHL.PPPSH.A","OBS_VALUE","Chile","Gross domestic product (GDP), Purchasing power parity (PPP) international dollar, percent of world GDP, Percent, ICP benchmarks 2017-2021","Annual","Units","0.294","0.305","0.263","0.249","0.252","0.248","0.254","0.261","0.268","0.286","0.285","0.300","0.300","0.313","0.320","0.336","0.340","0.351","0.356","0.343","0.343","0.345","0.347","0.350","0.355","0.359","0.362","0.362","0.366","0.364","0.366","0.375","0.386","0.386","0.379","0.375","0.370","0.362","0.360","0.350","0.350","0.360","0.355","0.345","0.343","0.341","0.338","0.335","0.332","0.329","0.327"
"IMF.RES:WEO(9.0.0)","CRI.LP.A","OBS_VALUE","Costa Rica","Population, Persons for countries / Index for country groups","Annual","Millions","2.302","2.372","2.443","2.514","2.588","2.666","2.746","2.824","2.901","2.977","3.051","3.122","3.191","3.275","3.373","3.470","3.565","3.657","3.747","3.838","3.810","3.953","4.022","4.086","4.152","4.215","4.279","4.340","4.404","4.469","4.554","4.613","4.673","4.733","4.793","4.851","4.909","4.966","5.022","5.075","5.128","5.180","5.229","5.278","5.325","5.373","5.420","5.469","5.517","5.566","5.616"
"IMF.RES:WEO(9.0.0)","COL.PPPSH.A","OBS_VALUE","Colombia","Gross domestic product (GDP), Purchasing power parity (PPP) international dollar, percent of world GDP, Percent, ICP benchmarks 2017-2021","Annual","Units","0.586","0.586","0.588","0.583","0.577","0.574","0.588","0.597","0.595","0.594","0.595","0.595","0.558","0.579","0.592","0.600","0.590","0.587","0.575","0.532","0.521","0.517","0.516","0.517","0.518","0.517","0.525","0.532","0.535","0.544","0.541","0.557","0.561","0.571","0.577","0.575","0.569","0.556","0.563","0.574","0.560","0.577","0.597","0.582","0.572","0.569","0.565","0.561","0.558","0.557","0.556"
"IMF.RES:WEO(9.0.0)","HND.PPPSH.A","OBS_VALUE","Honduras","Gross domestic product (GDP), Purchasing power parity (PPP) international dollar, percent of world GDP, Percent, ICP benchmarks 2017-2021","Annual","Units","0.046","0.044","0.043","0.042","0.043","0.044","0.045","0.046","0.045","0.044","0.044","0.042","0.040","0.041","0.040","0.041","0.040","0.041","0.041","0.039","0.040","0.040","0.041","0.041","0.041","0.042","0.043","0.043","0.044","0.043","0.042","0.042","0.043","0.042","0.042","0.042","0.043","0.043","0.041","0.041","0.039","0.041","0.041","0.041","0.041","0.041","0.041","0.042","0.042","0.042","0.042"
"IMF.RES:WEO(9.0.0)","HTI.NGDP_R.A","OBS_VALUE","Haiti","Gross domestic product (GDP), Constant prices, Domestic currency","Annual","Billions","466.150","471.073","457.896","451.029","451.935","455.354","456.597","454.623","457.164","451.994","450.007","455.685","445.427","423.505","374.367","411.398","428.442","440.030","449.631","461.817","465.835","464.238","469.121","485.450","479.053","493.770","502.504","526.154","540.139","571.956","539.631","567.143","569.992","594.643","604.887","620.387","631.631","647.487","658.286","647.196","625.558","614.309","603.976","592.719","568.005","550.397","543.792","546.402","552.959","560.148","568.550"
"IMF.RES:WEO(9.0.0)","DOM.LP.A","OBS_VALUE","Dominican Republic","Population, Persons for countries / Index for country groups","Annual","Millions","5.652","5.781","5.916","6.056","6.202","6.353","6.509","6.669","6.828","6.979","7.118","7.242","7.375","7.511","7.642","7.771","7.897","8.023","8.152","8.276","8.398","8.513","8.628","8.745","8.858","8.968","9.071","9.174","9.280","9.380","9.479","9.580","9.681","9.785","9.883","9.980","10.075","10.169","10.266","10.358","10.448","10.536","10.622","10.709","10.797","10.885","10.975","11.065","11.155","11.247","11.339"
"IMF.RES:WEO(9.0.0)","SLV.LP.A","OBS_VALUE","El Salvador","Population, Persons for countries / Index for country groups","Annual","Millions","4.877","4.933","4.971","5.001","5.032","5.072","5.124","5.186","5.259","5.342","5.435","5.509","5.586","5.660","5.714","5.762","5.805","5.845","5.881","5.914","5.943","5.968","5.987","5.999","6.005","6.006","6.002","6.010","6.029","6.048","6.068","6.090","6.114","6.139","6.163","6.184","6.201","6.214","6.220","6.222","6.235","6.256","6.280","6.310","6.338","6.370","6.402","6.434","6.466","6.498","6.531"
"IMF.RES:WEO(9.0.0)","CRI.PPPSH.A","OBS_VALUE","Costa Rica","Gross domestic product (GDP), Purchasing power parity (PPP) international dollar, percent of world GDP, Percent, ICP benchmarks 2017-2021","Annual","Units","0.073","0.069","0.064","0.064","0.066","0.065","0.066","0.067","0.066","0.067","0.067","0.067","0.066","0.069","0.070","0.070","0.069","0.070","0.073","0.073","0.072","0.073","0.074","0.074","0.074","0.073","0.075","0.077","0.078","0.078","0.078","0.079","0.080","0.079","0.079","0.080","0.080","0.081","0.080","0.083","0.079","0.078","0.078","0.080","0.081","0.081","0.081","0.081","0.082","0.082","0.082"
"IMF.RES:WEO(9.0.0)","ECU.NGDP_R.A","OBS_VALUE","Ecuador","Gross domestic product (GDP), Constant prices, Domestic currency","Annual","Billions","33.922","35.245","35.668","34.669","36.125","37.715","38.882","36.560","40.393","40.508","41.727","43.860","45.445","46.354","48.328","49.417","50.273","52.448","54.162","51.595","52.158","54.352","57.030","58.676","62.684","66.069","68.937","70.248","74.860","75.677","78.726","85.403","90.342","96.857","100.950","101.071","100.375","106.368","107.479","107.657","97.704","106.909","113.183","115.434","113.123","116.789","119.124","121.983","125.155","128.659","132.519"
"IMF.RES:WEO(9.0.0)","DOM.NGDP_R.A","OBS_VALUE","Dominican Republic","Gross domestic product (GDP), Constant prices, Domestic currency","Annual","Billions","783.043","816.548","830.427","868.859","879.745","861.072","891.399","981.585","1002.748","1046.874","989.774","999.126","1111.403","1193.277","1224.228","1294.008","1371.147","1493.173","1593.303","1688.208","1766.739","1810.366","1891.588","1866.064","1914.312","2094.866","2286.991","2456.649","2536.934","2562.391","2777.661","2866.323","2945.883","3091.254","3311.081","3542.449","3780.493","3929.212","4208.089","4414.034","4064.043","4633.514","4876.215","4983.116","5229.865","5384.792","5628.918","5905.298","6201.724","6510.554","6834.738"
"IMF.RES:WEO(9.0.0)","SLV.NGDP_R.A","OBS_VALUE","El Salvador","Gross domestic product (GDP), Constant prices, Domestic currency","Annual","Billions","12.358","11.651","10.916","11.084","11.232","11.301","11.323","11.607","11.825","11.939","12.516","12.703","13.595","14.386","15.061","15.774","15.902","16.401","16.836","17.200","17.394","17.547","17.823","18.102","18.263","18.758","19.573","19.937","20.361","19.937","20.356","21.133","21.728","22.213","22.593","23.135","23.723","24.257","24.843","25.447","23.438","26.230","27.003","27.958","28.687","29.405","30.140","31.044","32.006","32.903","33.824"
"IMF.RES:WEO(9.0.0)","ECU.LP.A","OBS_VALUE","Ecuador","Population, Persons for countries / Index for country groups","Annual","Millions","7.998","8.227","8.461","8.697","8.935","9.173","9.413","9.652","9.903","10.148","10.388","10.628","10.868","11.105","11.334","11.551","11.751","11.938","12.119","12.297","12.481","12.681","12.901","13.132","13.367","13.604","13.852","14.107","14.359","14.616","14.884","15.161","15.441","15.718","15.994","16.269","16.532","16.793","17.078","17.357","17.526","17.614","17.715","17.835","17.967","18.104","18.244","18.386","18.529","18.672","18.815"
"IMF.RES:WEO(9.0.0)","ECU.PPPSH.A","OBS_VALUE","Ecuador","Gross domestic product (GDP), Purchasing power parity (PPP) international dollar, percent of world GDP, Percent, ICP benchmarks 2017-2021","Annual","Units","0.188","0.191","0.192","0.182","0.182","0.183","0.183","0.165","0.175","0.169","0.168","0.172","0.160","0.160","0.163","0.160","0.157","0.158","0.159","0.146","0.140","0.143","0.146","0.145","0.147","0.148","0.147","0.142","0.148","0.150","0.149","0.155","0.159","0.165","0.166","0.161","0.155","0.159","0.157","0.155","0.144","0.152","0.155","0.153","0.145","0.146","0.144","0.143","0.142","0.142","0.142"
"IMF.RES:WEO(9.0.0)","GTM.NGDP_R.A","OBS_VALUE","Guatemala","Gross domestic product (GDP), Constant prices, Domestic currency","Annual","Billions","171.190","172.292","166.191","161.990","162.817","161.840","162.002","167.799","174.330","181.204","186.824","192.428","201.280","208.123","215.408","224.886","231.183","240.661","251.731","261.045","267.572","275.876","286.467","293.802","303.021","312.948","329.696","350.591","362.138","363.865","374.359","389.947","401.547","416.383","434.887","452.684","464.805","479.121","495.444","515.350","506.148","546.851","569.734","589.864","611.405","634.819","657.673","681.349","706.218","732.772","761.020"
"IMF.RES:WEO(9.0.0)","HTI.PPPSH.A","OBS_VALUE","Haiti","Gross domestic product (GDP), Purchasing power parity (PPP) international dollar, percent of world GDP, Percent, ICP benchmarks 2017-2021","Annual","Units","0.077","0.076","0.074","0.071","0.068","0.066","0.064","0.061","0.059","0.057","0.054","0.054","0.047","0.044","0.038","0.040","0.040","0.040","0.039","0.039","0.038","0.036","0.036","0.036","0.034","0.033","0.032","0.032","0.032","0.034","0.030","0.031","0.030","0.030","0.030","0.030","0.029","0.029","0.026","0.025","0.025","0.023","0.022","0.021","0.019","0.018","0.017","0.017","0.016","0.016","0.016"
"IMF.RES:WEO(9.0.0)","GTM.LP.A","OBS_VALUE","Guatemala","Population, Persons for countries / Index for country groups","Annual","Millions","7.025","7.204","7.387","7.575","7.770","7.969","8.173","8.382","8.594","8.809","9.025","9.273","9.522","9.780","10.044","10.313","10.584","10.858","11.139","11.423","11.698","11.969","12.247","12.526","12.807","13.088","13.367","13.652","13.935","14.216","14.500","14.792","15.090","15.387","15.682","15.972","16.269","16.567","16.846","17.104","17.357","17.599","17.848","18.125","18.406","18.655","18.897","19.143","19.378","19.617","19.858"
"IMF.RES:WEO(9.0.0)","GTM.PPPSH.A","OBS_VALUE","Guatemala","Gross domestic product (GDP), Purchasing power parity (PPP) international dollar, percent of world GDP, Percent, ICP benchmarks 2017-2021","Annual","Units","0.169","0.166","0.159","0.151","0.146","0.140","0.135","0.135","0.134","0.135","0.134","0.134","0.126","0.128","0.129","0.130","0.129","0.129","0.131","0.131","0.128","0.129","0.130","0.129","0.126","0.125","0.125","0.126","0.127","0.128","0.126","0.126","0.126","0.126","0.127","0.128","0.128","0.127","0.126","0.131","0.135","0.133","0.133","0.133","0.134","0.135","0.136","0.136","0.137","0.138","0.139"
"IMF.RES:WEO(9.0.0)","HND.NGDP_R.A","OBS_VALUE","Honduras","Gross domestic product (GDP), Constant prices, Domestic currency","Annual","Billions","59.010","58.289","57.080","57.597","61.241","64.687","68.135","72.658","73.927","75.943","78.064","75.472","80.056","85.257","85.437","90.725","92.423","96.672","100.143","99.406","106.654","109.559","113.672","118.841","126.247","133.886","142.678","151.508","157.919","154.079","159.828","165.958","172.810","177.634","183.067","190.096","197.497","207.061","215.023","220.527","200.756","225.982","235.346","243.761","252.425","262.017","271.187","280.950","291.626","302.708","314.211"
"IMF.RES:WEO(9.0.0)","HTI.LP.A","OBS_VALUE","Haiti","Population, Persons for countries / Index for country groups","Annual","Millions","5.947","6.054","6.163","6.274","6.387","6.502","6.619","6.739","6.819","6.958","7.101","7.233","7.374","7.526","7.689","7.836","7.984","8.132","8.281","8.430","8.576","8.720","8.861","9.001","9.145","9.292","9.445","9.602","9.762","9.923","10.085","10.248","10.413","10.579","10.746","10.912","11.078","11.245","11.412","11.578","11.743","11.906","12.065","12.227","12.391","12.557","12.725","12.896","13.069","13.244","13.421"
"IMF.RES:WEO(9.0.0)","URY.PPPSH.A","OBS_VALUE","Uruguay","Gross domestic product (GDP), Purchasing power parity (PPP) international dollar, percent of world GDP, Percent, ICP benchmarks 2017-2021","Annual","Units","0.107","0.106","0.096","0.088","0.083","0.080","0.084","0.085","0.082","0.080","0.077","0.078","0.076","0.076","0.080","0.076","0.077","0.078","0.080","0.075","0.070","0.066","0.059","0.058","0.058","0.059","0.059","0.059","0.062","0.065","0.066","0.067","0.068","0.068","0.068","0.066","0.065","0.064","0.062","0.062","0.062","0.064","0.064","0.063","0.062","0.062","0.062","0.061","0.061","0.060","0.060"
"IMF.RES:WEO(9.0.0)","VEN.LP.A","OBS_VALUE","Venezuela, República Bolivariana de","Population, Persons for countries / Index for country groups","Annual","Millions","14.952","15.410","15.868","16.316","16.773","17.241","17.450","17.888","18.336","18.784","19.411","19.879","20.347","20.815","21.283","21.751","22.219","22.676","23.130","23.593","24.394","24.803","25.212","25.622","26.033","26.445","26.858","27.273","27.689","28.106","28.524","28.944","29.365","29.786","30.206","30.620","30.714","30.442","28.903","27.817","27.951","27.586","26.917","26.740","26.561","26.674","26.887","","","",""
"IMF.RES:WEO(9.0.0)","NIC.PPPSH.A","OBS_VALUE","Nicaragua","Gross domestic product (GDP), Purchasing power parity (PPP) international dollar, percent of world GDP, Percent, ICP benchmarks 2017-2021","Annual","Units","0.050","0.051","0.051","0.052","0.049","0.045","0.043","0.041","0.035","0.033","0.032","0.031","0.028","0.027","0.028","0.028","0.029","0.029","0.029","0.030","0.030","0.030","0.030","0.029","0.029","0.029","0.029","0.029","0.029","0.028","0.028","0.029","0.030","0.030","0.030","0.031","0.031","0.032","0.029","0.028","0.029","0.030","0.030","0.030","0.030","0.030","0.030","0.030","0.030","0.031","0.031"
"IMF.RES:WEO(9.0.0)","PER.NGDP_R.A","OBS_VALUE","Peru","Gross domestic product (GDP), Constant prices, Domestic currency","Annual","Billions","166.847","175.959","175.388","159.026","165.070","168.518","188.919","203.538","184.362","159.617","151.493","154.854","154.017","162.094","182.044","195.536","201.010","214.028","213.190","216.377","222.208","223.579","235.773","245.592","257.771","273.971","294.598","319.693","348.870","352.692","382.070","406.247","431.190","456.423","467.302","482.495","501.571","514.205","534.616","546.594","486.808","551.881","567.389","565.100","583.766","600.870","617.088","632.429","648.267","664.446","681.071"
"IMF.RES:WEO(9.0.0)","MEX.LP.A","OBS_VALUE","Mexico","Population, Persons for countries / Index for country groups","Annual","Millions","68.072","69.715","71.370","73.035","74.707","76.375","78.029","79.665","81.282","82.890","84.503","86.127","87.753","89.365","90.954","92.507","94.006","95.438","96.799","98.085","99.369","100.739","102.167","103.588","104.971","106.371","107.886","109.539","111.276","113.030","114.756","116.446","118.061","119.598","121.049","122.368","123.587","124.777","125.996","127.216","128.209","128.983","129.961","131.135","132.274","133.367","134.407","135.392","136.322","137.201","138.034"
"IMF.RES:WEO(9.0.0)","NIC.NGDP_R.A","OBS_VALUE","Nicaragua","Gross domestic product (GDP), Constant prices, Domestic currency","Annual","Billions","79.191","83.436","82.754","86.573","85.218","81.738","80.908","80.337","70.375","69.183","69.091","68.984","69.260","68.983","72.432","76.715","81.582","84.818","87.966","94.155","98.017","100.919","101.680","104.243","109.821","114.482","118.838","124.870","129.161","124.908","130.416","138.654","147.661","154.937","162.351","170.132","177.895","186.134","179.873","174.663","170.756","188.608","195.304","203.951","211.269","217.595","223.865","231.165","239.025","247.152","255.555"
"IMF.RES:WEO(9.0.0)","MEX.NGDP_R.A","OBS_VALUE","Mexico","Gross domestic product (GDP), Constant prices, Domestic currency","Annual","Billions","10516.029","11524.079","11518.365","10985.741","11371.715","11589.963","11134.482","11364.227","11502.673","11919.696","12545.486","13044.282","13509.782","13897.108","14507.764","13650.312","14499.129","15542.903","16504.244","16958.941","17811.854","17731.551","17689.600","17899.318","18537.508","18929.251","19838.804","20251.027","20442.062","19155.183","20107.451","20799.961","21539.027","21722.561","22266.443","22868.154","23273.491","23709.107","24176.670","24081.731","22069.935","23404.831","24273.094","25087.102","25445.202","25697.008","26093.654","26627.023","27196.694","27763.337","28343.825"
"IMF.RES:WEO(9.0.0)","MEX.PPPSH.A","OBS_VALUE","Mexico","Gross domestic product (GDP), Purchasing power parity (PPP) international dollar, percent of world GDP, Percent, ICP benchmarks 2017-2021","Annual","Units","3.342","3.578","3.559","3.310","3.280","3.227","3.002","2.950","2.860","2.861","2.892","2.940","2.734","2.761","2.802","2.544","2.603","2.681","2.773","2.754","2.751","2.673","2.595","2.534","2.495","2.436","2.427","2.355","2.313","2.181","2.177","2.169","2.177","2.125","2.105","2.093","2.065","2.028","1.965","1.875","1.750","1.709","1.711","1.709","1.679","1.645","1.621","1.602","1.586","1.570","1.556"
"IMF.RES:WEO(9.0.0)","PAN.LP.A","OBS_VALUE","Panama","Population, Persons for countries / Index for country groups","Annual","Millions","1.982","2.030","2.078","2.127","2.176","2.225","2.274","2.324","2.374","2.424","2.474","2.527","2.581","2.636","2.691","2.747","2.804","2.862","2.921","2.980","3.041","3.102","3.164","3.227","3.289","3.351","3.413","3.476","3.538","3.600","3.662","3.724","3.788","3.851","3.913","3.975","4.037","4.098","4.159","4.219","4.279","4.337","4.395","4.453","4.510","4.566","4.621","4.677","4.734","4.791","4.791"
"IMF.RES:WEO(9.0.0)","PAN.PPPSH.A","OBS_VALUE","Panama","Gross domestic product (GDP), Purchasing power parity (PPP) international dollar, percent of world GDP, Percent, ICP benchmarks 2017-2021","Annual","Units","0.074","0.078","0.082","0.077","0.075","0.076","0.077","0.072","0.060","0.059","0.061","0.065","0.064","0.066","0.066","0.065","0.067","0.068","0.071","0.072","0.070","0.069","0.068","0.069","0.070","0.072","0.074","0.079","0.085","0.086","0.087","0.093","0.097","0.103","0.104","0.107","0.109","0.110","0.102","0.100","0.083","0.086","0.092","0.095","0.095","0.095","0.096","0.097","0.098","0.099","0.100"
"IMF.RES:WEO(9.0.0)","NIC.LP.A","OBS_VALUE","Nicaragua","Population, Persons for countries / Index for country groups","Annual","Millions","","","","","","","","","","","","","","","4.299","4.427","4.549","4.669","4.763","4.859","4.957","5.059","5.162","5.268","5.375","5.483","5.523","5.596","5.669","5.770","5.843","5.916","6.094","6.158","6.222","6.287","6.353","6.419","6.477","6.553","6.614","6.690","6.768","6.847","6.926","7.007","7.089","7.171","7.255","7.339","7.424"
"IMF.RES:WEO(9.0.0)","PRY.LP.A","OBS_VALUE","Paraguay","Population, Persons for countries / Index for country groups","Annual","Millions","2.986","3.076","3.168","3.263","3.360","3.461","3.560","3.663","3.767","3.874","3.982","4.090","4.199","4.308","4.417","4.526","4.634","4.741","4.848","4.952","5.054","5.148","5.227","5.295","5.358","5.419","5.478","5.533","5.586","5.641","5.701","5.775","5.855","5.939","6.026","6.114","6.204","6.294","6.383","6.472","6.559","6.649","6.719","6.802","6.887","6.972","7.055","7.136","7.215","7.294","7.370"
"IMF.RES:WEO(9.0.0)","PAN.NGDP_R.A","OBS_VALUE","Panama","Gross domestic product (GDP), Constant prices, Domestic currency","Annual","Billions","11.629","12.700","13.379","12.778","13.125","13.773","14.265","14.006","12.132","12.322","13.320","14.574","15.770","16.630","17.104","17.404","18.687","19.892","21.357","22.192","22.793","22.921","23.434","24.432","26.260","28.147","30.547","34.264","37.650","38.138","40.358","44.915","48.351","52.724","55.390","58.571","61.469","64.916","67.316","69.405","57.036","66.429","73.761","79.047","81.220","84.468","87.847","91.361","95.015","98.816","102.769"
"IMF.RES:WEO(9.0.0)","ATG.LP.A","OBS_VALUE","Antigua and Barbuda","Population, Persons for countries / Index for country groups","Annual","Millions","0.068","0.068","0.067","0.066","0.065","0.064","0.063","0.062","0.061","0.060","0.060","0.061","0.062","0.063","0.065","0.067","0.068","0.070","0.072","0.074","0.076","0.077","0.078","0.078","0.079","0.080","0.081","0.082","0.083","0.084","0.085","0.086","0.087","0.088","0.089","0.091","0.092","0.094","0.095","0.096","0.098","0.099","0.101","0.102","0.104","0.105","0.106","0.108","0.109","0.110","0.112"
"IMF.RES:WEO(9.0.0)","ABW.PPPSH.A","OBS_VALUE","Aruba, Kingdom of the Netherlands","Gross domestic product (GDP), Purchasing power parity (PPP) international dollar, percent of world GDP, Percent, ICP benchmarks 2017-2021","Annual","Units","","","","","","","0.003","0.004","0.004","0.004","0.004","0.005","0.004","0.005","0.005","0.005","0.005","0.005","0.005","0.005","0.005","0.005","0.005","0.005","0.005","0.005","0.004","0.004","0.004","0.004","0.003","0.003","0.003","0.003","0.003","0.003","0.003","0.003","0.003","0.003","0.002","0.002","0.002","0.003","0.003","0.003","0.003","0.003","0.002","0.002","0.002"
"IMF.RES:WEO(9.0.0)","PRY.NGDP_R.A","OBS_VALUE","Paraguay","Gross domestic product (GDP), Constant prices, Domestic currency","Annual","Billions","61862.365","67535.427","66591.540","64565.414","66383.963","68954.261","69135.355","71950.892","76182.347","80613.873","83935.164","86864.501","88338.095","92698.781","97628.426","104289.428","105930.720","110424.848","110499.978","108990.460","106468.268","105580.264","105557.665","110118.543","114586.513","117031.206","122657.033","129307.035","137707.198","137347.593","152586.626","159127.055","158000.367","171103.458","180174.061","185502.081","193419.358","202722.982","209218.733","208377.977","206669.725","214971.105","215349.537","226115.351","235725.163","246097.070","255202.662","264134.755","273379.471","282947.753","292850.924"
"IMF.RES:WEO(9.0.0)","URY.NGDP_R.A","OBS_VALUE","Uruguay","Gross domestic product (GDP), Constant prices, Domestic currency","Annual","Billions","791.444","806.474","730.735","687.966","677.939","679.963","730.963","774.164","778.007","786.595","788.934","816.853","881.642","905.072","970.974","956.918","1010.294","1065.818","1113.981","1092.378","1071.296","1030.114","950.466","958.120","1006.066","1081.119","1125.430","1199.050","1285.096","1339.629","1444.165","1518.715","1572.450","1645.373","1698.663","1704.961","1733.768","1763.946","1766.851","1783.251","1652.054","1748.604","1827.050","1840.609","1897.821","1944.725","1990.732","2037.166","2083.644","2129.863","2177.108"
"IMF.RES:WEO(9.0.0)","PRY.PPPSH.A","OBS_VALUE","Paraguay","Gross domestic product (GDP), Purchasing power parity (PPP) international dollar, percent of world GDP, Percent, ICP benchmarks 2017-2021","Annual","Units","0.081","0.086","0.084","0.080","0.078","0.079","0.076","0.077","0.078","0.079","0.079","0.080","0.073","0.075","0.077","0.080","0.078","0.078","0.076","0.073","0.067","0.065","0.063","0.064","0.063","0.062","0.062","0.062","0.064","0.064","0.068","0.068","0.065","0.069","0.070","0.070","0.070","0.071","0.069","0.066","0.067","0.066","0.063","0.064","0.065","0.066","0.066","0.066","0.067","0.067","0.067"
"IMF.RES:WEO(9.0.0)","URY.LP.A","OBS_VALUE","Uruguay","Population, Persons for countries / Index for country groups","Annual","Millions","2.939","2.959","2.978","2.997","3.016","3.035","3.053","3.070","3.088","3.105","3.122","3.140","3.159","3.178","3.208","3.228","3.248","3.286","3.312","3.336","3.349","3.351","3.347","3.338","3.341","3.352","3.358","3.359","3.363","3.378","3.397","3.413","3.428","3.442","3.457","3.473","3.486","3.497","3.504","3.508","3.510","3.508","3.501","3.496","3.492","3.486","3.481","3.476","3.472","3.469","3.466"
"IMF.RES:WEO(9.0.0)","PER.LP.A","OBS_VALUE","Peru","Population, Persons for countries / Index for country groups","Annual","Millions","17.546","17.987","18.430","18.873","19.318","19.766","20.219","20.676","21.135","21.588","22.032","22.480","22.924","23.366","23.806","24.243","24.689","25.145","25.593","26.014","26.390","26.715","26.999","27.255","27.492","27.722","27.935","28.122","28.300","28.485","28.693","28.906","29.113","29.341","29.616","29.964","30.423","30.974","31.562","32.131","32.626","33.035","33.397","33.731","34.068","34.409","34.753","35.101","35.452","35.806","36.164"
"IMF.RES:WEO(9.0.0)","PER.PPPSH.A","OBS_VALUE","Peru","Gross domestic product (GDP), Purchasing power parity (PPP) international dollar, percent of world GDP, Percent, ICP benchmarks 2017-2021","Annual","Units","0.397","0.409","0.406","0.359","0.356","0.351","0.381","0.395","0.343","0.287","0.261","0.261","0.233","0.241","0.263","0.273","0.270","0.276","0.268","0.263","0.257","0.252","0.259","0.260","0.260","0.264","0.270","0.278","0.295","0.301","0.310","0.317","0.326","0.334","0.331","0.330","0.333","0.329","0.325","0.324","0.307","0.328","0.325","0.313","0.313","0.313","0.311","0.309","0.307","0.305","0.304"
"IMF.RES:WEO(9.0.0)","ATG.PPPSH.A","OBS_VALUE","Antigua and Barbuda","Gross domestic product (GDP), Purchasing power parity (PPP) international dollar, percent of world GDP, Percent, ICP benchmarks 2017-2021","Annual","Units","0.002","0.002","0.002","0.002","0.002","0.002","0.002","0.002","0.002","0.002","0.002","0.002","0.002","0.002","0.002","0.002","0.002","0.002","0.002","0.002","0.002","0.002","0.002","0.002","0.002","0.002","0.002","0.002","0.002","0.002","0.002","0.002","0.002","0.002","0.002","0.002","0.002","0.002","0.002","0.002","0.001","0.002","0.002","0.002","0.002","0.002","0.002","0.002","0.002","0.002","0.002"
"IMF.RES:WEO(9.0.0)","BHS.NGDP_R.A","OBS_VALUE","Bahamas, The","Gross domestic product (GDP), Constant prices, Domestic currency","Annual","Billions","6.459","6.272","6.667","7.121","7.291","7.590","7.788","8.076","8.258","8.448","8.537","8.180","7.867","7.891","8.140","8.496","8.855","9.293","9.731","10.426","10.859","11.144","11.445","11.301","11.400","11.787","12.084","12.259","11.974","11.474","11.651","11.722","12.262","11.911","12.131","12.252","12.111","12.519","12.819","12.712","10.158","11.944","13.244","13.647","14.109","14.419","14.722","14.987","15.256","15.501","15.733"
"IMF.RES:WEO(9.0.0)","VEN.PPPSH.A","OBS_VALUE","Venezuela, República Bolivariana de","Gross domestic product (GDP), Purchasing power parity (PPP) international dollar, percent of world GDP, Percent, ICP benchmarks 2017-2021","Annual","Units","0.899","0.868","0.886","0.779","0.784","0.764","0.785","0.792","0.808","0.671","0.686","0.736","0.701","0.690","0.655","0.657","0.632","0.646","0.631","0.573","0.566","0.571","0.506","0.451","0.507","0.534","0.558","0.577","0.591","0.576","0.539","0.541","0.554","0.544","0.505","0.458","0.369","0.300","0.231","0.161","0.114","0.108","0.112","0.113","0.115","0.112","0.106","","","",""
"IMF.RES:WEO(9.0.0)","ABW.LP.A","OBS_VALUE","Aruba, Kingdom of the Netherlands","Population, Persons for countries / Index for country groups","Annual","Millions","","","","","","","0.081","0.085","0.088","0.089","0.090","0.091","0.092","0.092","0.094","0.096","0.099","0.100","0.100","0.101","0.102","0.102","0.103","0.105","0.106","0.107","0.109","0.109","0.109","0.109","0.109","0.108","0.107","0.107","0.108","0.108","0.109","0.109","0.109","0.109","0.109","0.109","0.109","0.109","0.109","0.109","0.109","0.109","0.109","0.109","0.109"
"IMF.RES:WEO(9.0.0)","ATG.NGDP_R.A","OBS_VALUE","Antigua and Barbuda","Gross domestic product (GDP), Constant prices, Domestic currency","Annual","Billions","1.292","1.341","1.340","1.412","1.556","1.674","1.867","1.991","2.094","2.204","2.271","2.320","2.347","2.471","2.636","2.521","2.688","2.835","2.969","3.079","3.270","3.121","3.153","3.345","3.538","3.767","4.245","4.641","4.640","4.085","3.765","3.691","3.815","3.792","3.876","3.931","4.093","4.204","4.486","4.628","3.755","4.062","4.432","4.540","4.706","4.822","4.941","5.067","5.192","5.321","5.454"
"IMF.RES:WEO(9.0.0)","BHS.PPPSH.A","OBS_VALUE","Bahamas, The","Gross domestic product (GDP), Purchasing power parity (PPP) international dollar, percent of world GDP, Percent, ICP benchmarks 2017-2021","Annual","Units","0.021","0.020","0.021","0.022","0.021","0.021","0.021","0.021","0.021","0.020","0.020","0.018","0.016","0.016","0.016","0.016","0.016","0.016","0.016","0.017","0.017","0.017","0.017","0.016","0.015","0.015","0.015","0.014","0.014","0.013","0.013","0.012","0.012","0.012","0.012","0.011","0.011","0.011","0.010","0.010","0.008","0.008","0.008","0.008","0.008","0.008","0.008","0.008","0.008","0.008","0.008"
"IMF.RES:WEO(9.0.0)","ABW.NGDP_R.A","OBS_VALUE","Aruba, Kingdom of the Netherlands","Gross domestic product (GDP), Constant prices, Domestic currency","Annual","Billions","","","","","","","1.674","1.943","2.305","2.584","2.686","2.901","3.071","3.295","3.566","3.655","3.701","3.960","4.039","4.095","4.409","4.594","4.550","4.601","4.936","4.917","4.973","5.127","5.221","4.611","4.485","4.636","4.588","4.883","4.952","5.131","5.194","5.375","5.547","5.616","4.269","4.896","5.148","5.545","5.922","6.043","6.174","6.297","6.389","6.480","6.567"
"IMF.RES:WEO(9.0.0)","DMA.NGDP_R.A","OBS_VALUE","Dominica","Gross domestic product (GDP), Constant prices, Domestic currency","Annual","Billions","0.476","0.527","0.549","0.563","0.587","0.595","0.637","0.678","0.731","0.729","0.769","0.779","0.795","0.812","0.812","0.837","0.863","0.882","0.915","0.918","0.940","0.939","0.913","0.971","1.000","1.007","1.054","1.121","1.200","1.186","1.194","1.192","1.179","1.167","1.223","1.189","1.222","1.141","1.182","1.247","1.040","1.111","1.174","1.229","1.272","1.326","1.370","1.409","1.448","1.483","1.520"
"IMF.RES:WEO(9.0.0)","GRD.NGDP_R.A","OBS_VALUE","Grenada","Gross domestic product (GDP), Constant prices, Domestic currency","Annual","Billions","0.712","0.721","0.751","0.776","0.806","0.855","0.918","1.001","1.030","1.069","1.114","1.130","1.121","1.099","1.119","1.144","1.194","1.252","1.400","1.498","1.574","1.542","1.595","1.746","1.735","1.965","1.886","2.002","2.021","1.887","1.878","1.892","1.870","1.914","2.055","2.187","2.269","2.370","2.473","2.490","2.147","2.248","2.412","2.522","2.605","2.690","2.783","2.873","2.957","3.038","3.121"
"IMF.RES:WEO(9.0.0)","GRD.LP.A","OBS_VALUE","Grenada","Population, Persons for countries / Index for country groups","Annual","Millions","0.089","0.091","0.093","0.096","0.098","0.100","0.100","0.099","0.098","0.097","0.096","0.096","0.097","0.098","0.099","0.100","0.101","0.102","0.102","0.102","0.103","0.103","0.104","0.105","0.105","0.104","0.105","0.105","0.105","0.105","0.105","0.107","0.108","0.109","0.109","0.110","0.111","0.111","0.112","0.113","0.113","0.114","0.114","0.115","0.116","0.116","0.117","0.118","0.118","0.119","0.119"
"IMF.RES:WEO(9.0.0)","DMA.PPPSH.A","OBS_VALUE","Dominica","Gross domestic product (GDP), Purchasing power parity (PPP) international dollar, percent of world GDP, Percent, ICP benchmarks 2017-2021","Annual","Units","0.001","0.001","0.001","0.001","0.001","0.001","0.001","0.001","0.001","0.001","0.001","0.001","0.001","0.001","0.001","0.001","0.001","0.001","0.001","0.001","0.001","0.001","0.001","0.001","0.001","0.001","0.001","0.001","0.001","0.001","0.001","0.001","0.001","0.001","0.001","0.001","0.001","0.001","0.001","0.001","0.001","0.001","0.001","0.001","0.001","0.001","0.001","0.001","0.001","0.001","0.001"
"IMF.RES:WEO(9.0.0)","GRD.PPPSH.A","OBS_VALUE","Grenada","Gross domestic product (GDP), Purchasing power parity (PPP) international dollar, percent of world GDP, Percent, ICP benchmarks 2017-2021","Annual","Units","0.002","0.002","0.002","0.002","0.002","0.002","0.002","0.002","0.002","0.002","0.002","0.002","0.002","0.002","0.001","0.001","0.001","0.001","0.002","0.002","0.002","0.002","0.002","0.002","0.002","0.002","0.002","0.002","0.002","0.001","0.001","0.001","0.001","0.001","0.001","0.001","0.001","0.001","0.001","0.001","0.001","0.001","0.001","0.001","0.001","0.001","0.001","0.001","0.001","0.001","0.001"
"IMF.RES:WEO(9.0.0)","BRB.PPPSH.A","OBS_VALUE","Barbados","Gross domestic product (GDP), Purchasing power parity (PPP) international dollar, percent of world GDP, Percent, ICP benchmarks 2017-2021","Annual","Units","0.011","0.011","0.010","0.010","0.010","0.010","0.010","0.010","0.010","0.010","0.009","0.009","0.007","0.007","0.007","0.007","0.007","0.007","0.007","0.007","0.007","0.007","0.006","0.006","0.006","0.006","0.006","0.006","0.006","0.006","0.005","0.005","0.005","0.005","0.004","0.004","0.004","0.004","0.004","0.004","0.003","0.003","0.003","0.003","0.003","0.003","0.003","0.003","0.003","0.003","0.003"
"IMF.RES:WEO(9.0.0)","BRB.NGDP_R.A","OBS_VALUE","Barbados","Gross domestic product (GDP), Constant prices, Domestic currency","Annual","Billions","8.129","7.975","7.584","7.622","7.896","7.983","8.390","8.608","8.910","9.230","8.926","8.578","8.089","8.154","8.317","8.485","8.821","9.240","9.585","9.616","10.045","9.807","9.884","10.099","10.241","10.647","11.251","11.504","11.585","11.025","10.779","10.708","10.661","10.547","10.563","10.474","10.662","10.675","10.550","10.619","9.020","8.997","10.602","11.036","11.477","11.787","12.034","12.275","12.521","12.771","13.026"
"IMF.RES:WEO(9.0.0)","BRB.LP.A","OBS_VALUE","Barbados","Population, Persons for countries / Index for country groups","Annual","Millions","0.252","0.253","0.254","0.255","0.255","0.256","0.257","0.258","0.259","0.259","0.260","0.261","0.262","0.263","0.264","0.265","0.266","0.267","0.268","0.269","0.270","0.271","0.271","0.272","0.273","0.274","0.275","0.276","0.277","0.278","0.280","0.281","0.282","0.283","0.283","0.284","0.285","0.286","0.286","0.287","0.288","0.289","0.289","0.290","0.291","0.292","0.292","0.293","0.294","0.295","0.295"
"IMF.RES:WEO(9.0.0)","LCA.PPPSH.A","OBS_VALUE","St. Lucia","Gross domestic product (GDP), Purchasing power parity (PPP) international dollar, percent of world GDP, Percent, ICP benchmarks 2017-2021","Annual","Units","0.002","0.002","0.002","0.002","0.002","0.003","0.003","0.003","0.003","0.003","0.004","0.004","0.003","0.003","0.003","0.003","0.003","0.003","0.003","0.003","0.003","0.003","0.003","0.003","0.003","0.003","0.003","0.003","0.003","0.003","0.003","0.003","0.003","0.002","0.002","0.002","0.002","0.002","0.002","0.002","0.002","0.002","0.003","0.003","0.003","0.003","0.003","0.002","0.002","0.002","0.002"
"IMF.RES:WEO(9.0.0)","GUY.LP.A","OBS_VALUE","Guyana","Population, Persons for countries / Index for country groups","Annual","Millions","0.764","0.765","0.765","0.763","0.759","0.754","0.748","0.742","0.735","0.726","0.720","0.718","0.718","0.720","0.723","0.727","0.730","0.734","0.737","0.740","0.742","0.743","0.743","0.743","0.742","0.742","0.744","0.746","0.748","0.751","0.753","0.756","0.758","0.761","0.764","0.767","0.773","0.778","0.782","0.785","0.787","0.789","0.792","0.794","0.796","0.799","0.801","0.804","0.806","0.808","0.811"
"IMF.RES:WEO(9.0.0)","GUY.PPPSH.A","OBS_VALUE","Guyana","Gross domestic product (GDP), Purchasing power parity (PPP) international dollar, percent of world GDP, Percent, ICP benchmarks 2017-2021","Annual","Units","0.015","0.015","0.013","0.012","0.011","0.011","0.011","0.010","0.009","0.008","0.008","0.008","0.008","0.008","0.009","0.009","0.009","0.010","0.009","0.009","0.009","0.008","0.008","0.008","0.008","0.007","0.007","0.007","0.007","0.008","0.008","0.008","0.008","0.008","0.008","0.007","0.008","0.008","0.007","0.008","0.010","0.012","0.019","0.024","0.034","0.036","0.043","0.050","0.055","0.060","0.059"
"IMF.RES:WEO(9.0.0)","JAM.NGDP_R.A","OBS_VALUE","Jamaica","Gross domestic product (GDP), Constant prices, Domestic currency","Annual","Billions","1066.056","1113.177","1147.457","1195.108","1206.459","1195.601","1279.293","1377.798","1322.789","1384.960","1452.479","1464.594","1505.276","1538.552","1567.398","1606.917","1610.704","1584.273","1565.105","1580.456","1592.726","1613.123","1624.009","1683.555","1705.844","1721.088","1770.984","1796.560","1781.863","1721.090","1696.387","1720.572","1711.956","1715.789","1725.649","1750.288","1798.604","1839.846","1886.134","1920.262","1760.796","1861.243","1981.094","2035.502","2024.611","2067.128","2099.148","2131.664","2164.683","2198.214","2232.265"
"IMF.RES:WEO(9.0.0)","JAM.PPPSH.A","OBS_VALUE","Jamaica","Gross domestic product (GDP), Purchasing power parity (PPP) international dollar, percent of world GDP, Percent, ICP benchmarks 2017-2021","Annual","Units","0.051","0.052","0.053","0.054","0.052","0.050","0.052","0.054","0.049","0.050","0.050","0.050","0.046","0.046","0.045","0.045","0.043","0.041","0.040","0.039","0.037","0.037","0.036","0.036","0.034","0.033","0.033","0.031","0.030","0.029","0.028","0.027","0.026","0.025","0.025","0.024","0.024","0.024","0.023","0.022","0.020","0.019","0.019","0.019","0.019","0.018","0.018","0.018","0.018","0.017","0.017"
"IMF.RES:WEO(9.0.0)","BLZ.LP.A","OBS_VALUE","Belize","Population, Persons for countries / Index for country groups","Annual","Millions","0.150","0.150","0.153","0.157","0.162","0.166","0.171","0.176","0.179","0.184","0.189","0.194","0.199","0.205","0.211","0.217","0.222","0.230","0.239","0.243","0.250","0.256","0.263","0.269","0.276","0.284","0.291","0.299","0.307","0.315","0.322","0.328","0.334","0.342","0.349","0.357","0.364","0.371","0.379","0.386","0.393","0.399","0.397","0.404","0.411","0.417","0.424","0.431","0.437","0.444","0.451"
"IMF.RES:WEO(9.0.0)","BLZ.NGDP_R.A","OBS_VALUE","Belize","Gross domestic product (GDP), Constant prices, Domestic currency","Annual","Billions","0.751","0.752","0.696","0.738","0.821","0.810","0.869","1.060","1.175","1.357","1.509","1.686","1.901","2.018","2.017","2.032","2.055","2.142","2.225","2.435","2.733","2.869","3.024","3.316","3.475","3.552","3.712","3.836","3.774","3.757","3.810","3.805","3.955","4.116","4.276","4.395","4.394","4.313","4.349","4.534","3.921","4.626","5.054","5.079","5.257","5.335","5.466","5.584","5.700","5.814","5.931"
"IMF.RES:WEO(9.0.0)","JAM.LP.A","OBS_VALUE","Jamaica","Population, Persons for countries / Index for country groups","Annual","Millions","2.112","2.150","2.186","2.230","2.235","2.269","2.290","2.306","2.320","2.324","2.365","2.381","2.399","2.419","2.440","2.462","2.485","2.509","2.534","2.559","2.582","2.605","2.620","2.629","2.639","2.648","2.658","2.667","2.677","2.686","2.696","2.703","2.710","2.713","2.716","2.719","2.722","2.726","2.731","2.734","2.737","2.740","2.743","2.747","2.750","2.753","2.756","2.759","2.762","2.765","2.769"
"IMF.RES:WEO(9.0.0)","GUY.NGDP_R.A","OBS_VALUE","Guyana","Gross domestic product (GDP), Constant prices, Domestic currency","Annual","Billions","511.366","514.242","468.559","414.690","423.539","425.088","424.092","423.539","398.209","378.519","367.126","389.249","419.446","453.847","492.341","517.229","558.377","592.910","582.789","600.189","592.114","605.498","612.458","608.465","617.995","605.993","637.061","681.785","695.262","718.335","749.732","790.496","830.327","860.661","875.176","881.192","914.743","948.904","991.044","1044.093","1498.061","1798.573","2937.690","3929.715","5641.860","6223.861","7652.248","9258.604","10485.476","11717.557","11842.569"
"IMF.RES:WEO(9.0.0)","BLZ.PPPSH.A","OBS_VALUE","Belize","Gross domestic product (GDP), Purchasing power parity (PPP) international dollar, percent of world GDP, Percent, ICP benchmarks 2017-2021","Annual","Units","0.002","0.002","0.002","0.002","0.002","0.002","0.002","0.002","0.002","0.002","0.003","0.003","0.003","0.003","0.003","0.003","0.003","0.003","0.003","0.003","0.003","0.003","0.003","0.003","0.003","0.003","0.003","0.003","0.003","0.003","0.003","0.003","0.003","0.003","0.003","0.003","0.003","0.003","0.003","0.003","0.003","0.003","0.003","0.003","0.003","0.003","0.003","0.003","0.003","0.003","0.003"
"IMF.RES:WEO(9.0.0)","PRI.NGDP_R.A","OBS_VALUE","Puerto Rico","Gross domestic product (GDP), Constant prices, Domestic currency","Annual","Billions","48.717","49.239","47.737","47.961","51.471","52.531","56.820","59.614","63.493","66.630","69.149","70.743","73.972","77.407","80.648","84.316","86.267","90.477","96.374","100.627","103.920","113.758","116.227","118.948","121.312","118.901","117.225","115.863","113.726","111.506","111.045","110.647","110.679","110.339","109.026","107.882","106.518","103.445","98.933","100.591","96.385","96.757","99.618","100.115","103.345","102.518","102.416","103.440","104.060","104.893","105.732"
"IMF.RES:WEO(9.0.0)","SUR.NGDP_R.A","OBS_VALUE","Suriname","Gross domestic product (GDP), Constant prices, Domestic currency","Annual","Billions","10.485","10.684","10.011","9.500","9.215","9.132","8.913","8.129","9.007","9.214","9.076","7.823","8.128","7.950","7.393","8.229","9.150","9.791","10.006","9.916","9.906","10.392","10.781","11.449","12.285","12.889","13.632","14.328","14.922","15.372","16.166","17.111","17.573","18.088","18.134","17.515","16.654","16.915","17.752","17.959","15.090","14.723","15.077","15.460","15.919","16.355","16.967","17.694","22.900","33.327","34.330"
"IMF.RES:WEO(9.0.0)","G400.BX.A","OBS_VALUE","Middle East and Central Asia","Exports of goods and services, US dollar","Annual","Billions","213.547","224.996","181.480","147.783","137.483","120.734","87.211","103.233","104.320","124.199","165.915","161.309","181.885","183.840","187.175","216.193","248.689","252.429","204.042","240.100","324.831","311.251","332.915","415.274","556.391","754.878","916.081","1088.837","1416.233","1045.366","1285.406","1699.662","1778.900","1780.206","1698.444","1247.761","1166.282","1328.263","1546.911","1462.328","1107.329","1509.807","2109.885","2007.863","2084.313","2126.057","2231.545","","","",""
"IMF.RES:WEO(9.0.0)","G400.PPPSH.A","OBS_VALUE","Middle East and Central Asia","Gross domestic product (GDP), Purchasing power parity (PPP) international dollar, percent of world GDP, Percent, ICP benchmarks 2017-2021","Annual","Units","7.640","7.686","7.595","7.490","7.187","7.052","6.708","6.510","6.309","6.286","6.520","6.766","7.078","6.950","6.858","6.727","6.785","6.726","6.796","6.728","7.063","7.116","7.181","7.289","7.471","7.556","7.627","7.677","7.820","7.984","7.993","7.894","7.932","7.903","7.894","7.853","7.916","7.814","7.873","7.631","7.396","7.379","7.564","7.491","7.432","7.414","7.468","7.513","7.553","7.595","7.645"
"IMF.RES:WEO(9.0.0)","PRI.PPPSH.A","OBS_VALUE","Puerto Rico","Gross domestic product (GDP), Purchasing power parity (PPP) international dollar, percent of world GDP, Percent, ICP benchmarks 2017-2021","Annual","Units","0.153","0.151","0.145","0.142","0.146","0.144","0.151","0.152","0.156","0.158","0.157","0.157","0.148","0.152","0.153","0.155","0.153","0.154","0.160","0.161","0.158","0.169","0.168","0.166","0.161","0.151","0.141","0.133","0.127","0.125","0.118","0.114","0.110","0.106","0.102","0.097","0.093","0.087","0.084","0.085","0.086","0.084","0.084","0.081","0.081","0.078","0.076","0.074","0.072","0.071","0.069"
"IMF.RES:WEO(9.0.0)","VCT.NGDP_R.A","OBS_VALUE","St. Vincent and the Grenadines","Gross domestic product (GDP), Constant prices, Domestic currency","Annual","Billions","0.740","0.774","0.809","0.826","0.881","0.935","0.988","0.992","1.132","1.147","1.195","1.209","1.286","1.340","1.324","1.427","1.445","1.496","1.557","1.599","1.625","1.652","1.733","1.840","1.909","1.952","2.079","2.144","2.155","2.130","2.040","2.028","2.050","2.110","2.132","2.191","2.280","2.314","2.388","2.405","2.291","2.342","2.460","2.595","2.729","2.849","2.926","3.005","3.086","3.170","3.255"
"IMF.RES:WEO(9.0.0)","VCT.PPPSH.A","OBS_VALUE","St. Vincent and the Grenadines","Gross domestic product (GDP), Purchasing power parity (PPP) international dollar, percent of world GDP, Percent, ICP benchmarks 2017-2021","Annual","Units","0.001","0.001","0.001","0.001","0.001","0.002","0.002","0.001","0.002","0.002","0.002","0.002","0.002","0.002","0.001","0.002","0.002","0.001","0.002","0.002","0.001","0.001","0.001","0.002","0.001","0.001","0.001","0.001","0.001","0.001","0.001","0.001","0.001","0.001","0.001","0.001","0.001","0.001","0.001","0.001","0.001","0.001","0.001","0.001","0.001","0.001","0.001","0.001","0.001","0.001","0.001"
"IMF.RES:WEO(9.0.0)","VCT.LP.A","OBS_VALUE","St. Vincent and the Grenadines","Population, Persons for countries / Index for country groups","Annual","Millions","0.098","0.099","0.100","0.101","0.102","0.102","0.103","0.104","0.104","0.105","0.106","0.106","0.107","0.107","0.107","0.107","0.107","0.107","0.107","0.108","0.108","0.108","0.108","0.108","0.108","0.108","0.108","0.109","0.109","0.109","0.109","0.109","0.109","0.109","0.110","0.110","0.110","0.110","0.111","0.111","0.111","0.111","0.111","0.111","0.111","0.111","0.111","0.111","0.112","0.112","0.112"
"IMF.RES:WEO(9.0.0)","KNA.NGDP_R.A","OBS_VALUE","St. Kitts and Nevis","Gross domestic product (GDP), Constant prices, Domestic currency","Annual","Billions","0.502","0.515","0.547","0.535","0.587","0.625","0.680","0.736","0.812","0.861","0.908","0.929","0.958","1.009","1.064","1.101","1.166","1.251","1.264","1.314","1.441","1.518","1.539","1.478","1.537","1.687","1.740","1.750","1.946","1.880","1.881","1.912","1.902","2.010","2.163","2.173","2.259","2.264","2.309","2.377","2.013","2.020","2.229","2.333","2.379","2.420","2.472","2.535","2.602","2.673","2.742"
"IMF.RES:WEO(9.0.0)","LCA.LP.A","OBS_VALUE","St. Lucia","Population, Persons for countries / Index for country groups","Annual","Millions","0.121","0.122","0.124","0.125","0.127","0.129","0.131","0.133","0.135","0.137","0.138","0.140","0.142","0.144","0.146","0.148","0.150","0.153","0.155","0.157","0.159","0.160","0.162","0.163","0.164","0.165","0.167","0.168","0.169","0.170","0.171","0.172","0.173","0.173","0.174","0.175","0.176","0.176","0.177","0.178","0.178","0.179","0.179","0.179","0.180","0.182","0.183","0.184","0.185","0.186","0.187"
"IMF.RES:WEO(9.0.0)","KNA.LP.A","OBS_VALUE","St. Kitts and Nevis","Population, Persons for countries / Index for country groups","Annual","Millions","0.043","0.043","0.043","0.042","0.042","0.042","0.042","0.041","0.041","0.041","0.041","0.040","0.040","0.041","0.042","0.042","0.043","0.043","0.044","0.044","0.045","0.046","0.046","0.046","0.046","0.046","0.046","0.047","0.047","0.047","0.047","0.047","0.048","0.048","0.048","0.049","0.049","0.049","0.050","0.050","0.051","0.051","0.051","0.051","0.051","0.052","0.052","0.052","0.052","0.052","0.052"
"IMF.RES:WEO(9.0.0)","KNA.PPPSH.A","OBS_VALUE","St. Kitts and Nevis","Gross domestic product (GDP), Purchasing power parity (PPP) international dollar, percent of world GDP, Percent, ICP benchmarks 2017-2021","Annual","Units","0.001","0.001","0.001","0.001","0.001","0.001","0.001","0.001","0.001","0.001","0.001","0.001","0.001","0.001","0.001","0.001","0.001","0.001","0.001","0.001","0.001","0.001","0.001","0.001","0.001","0.001","0.001","0.001","0.001","0.001","0.001","0.001","0.001","0.001","0.001","0.001","0.001","0.001","0.001","0.001","0.001","0.001","0.001","0.001","0.001","0.001","0.001","0.001","0.001","0.001","0.001"
"IMF.RES:WEO(9.0.0)","LCA.NGDP_R.A","OBS_VALUE","St. Lucia","Gross domestic product (GDP), Constant prices, Domestic currency","Annual","Billions","1.454","1.528","1.560","1.624","1.754","1.975","2.259","2.348","2.674","2.914","3.202","3.214","3.470","3.490","3.546","3.608","3.713","3.688","3.919","4.024","4.026","3.889","3.905","4.071","4.367","4.349","4.631","4.721","4.951","4.858","4.882","5.120","5.100","4.987","5.052","5.040","5.232","5.408","5.565","5.526","4.212","4.688","5.652","5.837","6.110","6.256","6.390","6.516","6.639","6.751","6.852"
"IMF.RES:WEO(9.0.0)","CYP.LP.A","OBS_VALUE","Cyprus","Population, Persons for countries / Index for country groups","Annual","Millions","0.509","0.515","0.521","0.528","0.535","0.541","0.548","0.554","0.559","0.568","0.579","0.595","0.611","0.626","0.639","0.645","0.656","0.666","0.675","0.683","0.690","0.698","0.706","0.714","0.723","0.733","0.744","0.758","0.776","0.797","0.819","0.840","0.862","0.863","0.860","0.861","0.864","0.870","0.879","0.890","0.902","0.896","0.905","0.926","0.936","0.942","0.946","0.950","0.953","0.955","0.958"
"IMF.RES:WEO(9.0.0)","BHR.PPPSH.A","OBS_VALUE","Bahrain, Kingdom of","Gross domestic product (GDP), Purchasing power parity (PPP) international dollar, percent of world GDP, Percent, ICP benchmarks 2017-2021","Annual","Units","0.050","0.050","0.053","0.055","0.055","0.052","0.051","0.049","0.049","0.048","0.048","0.048","0.046","0.049","0.049","0.048","0.048","0.047","0.048","0.049","0.050","0.050","0.050","0.051","0.052","0.053","0.054","0.056","0.058","0.059","0.059","0.058","0.058","0.059","0.060","0.059","0.060","0.060","0.059","0.060","0.056","0.053","0.054","0.054","0.054","0.054","0.054","0.054","0.054","0.054","0.054"
"IMF.RES:WEO(9.0.0)","BHR.NGDP_R.A","OBS_VALUE","Bahrain, Kingdom of","Gross domestic product (GDP), Constant prices, Domestic currency","Annual","Billions","2.890","2.970","3.160","3.381","3.523","3.490","3.507","3.464","3.670","3.707","3.837","3.925","4.204","4.524","4.669","4.759","4.914","5.029","5.273","5.588","5.980","6.129","6.334","6.733","7.203","7.691","8.188","8.867","9.421","9.660","10.079","10.273","10.664","11.228","11.712","12.006","12.464","13.082","13.350","13.624","12.819","13.376","14.203","14.754","15.138","15.572","16.093","16.622","17.133","17.677","18.247"
"IMF.RES:WEO(9.0.0)","SUR.LP.A","OBS_VALUE","Suriname","Population, Persons for countries / Index for country groups","Annual","Millions","","","","","","","","","","","0.409","0.414","0.420","0.425","0.431","0.437","0.443","0.449","0.455","0.461","0.467","0.473","0.479","0.487","0.496","0.501","0.507","0.514","0.521","0.528","0.536","0.541","0.546","0.554","0.563","0.567","0.576","0.583","0.590","0.598","0.609","0.618","0.628","0.637","0.647","0.657","0.667","0.677","0.688","0.698","0.709"
"IMF.RES:WEO(9.0.0)","BHR.LP.A","OBS_VALUE","Bahrain, Kingdom of","Population, Persons for countries / Index for country groups","Annual","Millions","0.353","0.367","0.380","0.393","0.406","0.420","0.435","0.450","0.467","0.484","0.488","0.508","0.516","0.530","0.544","0.559","0.574","0.589","0.605","0.621","0.638","0.661","0.711","0.765","0.824","0.889","0.960","1.039","1.103","1.178","1.229","1.195","1.209","1.253","1.315","1.370","1.424","1.501","1.503","1.484","1.472","1.504","1.525","1.577","1.589","1.620","1.652","1.685","1.718","1.752","1.787"
"IMF.RES:WEO(9.0.0)","G400.BM.A","OBS_VALUE","Middle East and Central Asia","Imports of goods and services, US dollar","Annual","Billions","147.385","168.482","166.194","169.922","156.848","135.576","117.255","119.394","122.166","136.279","164.718","201.251","210.638","205.337","191.035","222.740","240.760","251.795","242.983","235.740","256.371","265.359","289.084","353.170","450.690","548.866","665.821","856.995","1082.602","978.296","1050.981","1191.551","1314.290","1365.849","1428.429","1325.668","1253.090","1321.956","1371.326","1372.630","1162.701","1336.379","1656.468","1766.222","1907.390","2033.876","2159.948","","","",""
"IMF.RES:WEO(9.0.0)","SUR.PPPSH.A","OBS_VALUE","Suriname","Gross domestic product (GDP), Purchasing power parity (PPP) international dollar, percent of world GDP, Percent, ICP benchmarks 2017-2021","Annual","Units","0.019","0.019","0.018","0.017","0.015","0.015","0.014","0.012","0.013","0.013","0.012","0.010","0.010","0.009","0.008","0.009","0.009","0.010","0.010","0.009","0.009","0.009","0.009","0.009","0.010","0.010","0.010","0.010","0.010","0.010","0.010","0.010","0.010","0.010","0.010","0.009","0.009","0.008","0.008","0.009","0.007","0.007","0.007","0.007","0.007","0.007","0.007","0.007","0.009","0.013","0.013"
"IMF.RES:WEO(9.0.0)","TTO.PPPSH.A","OBS_VALUE","Trinidad and Tobago","Gross domestic product (GDP), Purchasing power parity (PPP) international dollar, percent of world GDP, Percent, ICP benchmarks 2017-2021","Annual","Units","0.049","0.050","0.052","0.045","0.041","0.038","0.036","0.033","0.030","0.029","0.028","0.028","0.028","0.027","0.027","0.028","0.028","0.029","0.031","0.032","0.033","0.033","0.035","0.038","0.039","0.039","0.043","0.042","0.042","0.041","0.040","0.038","0.039","0.039","0.039","0.038","0.034","0.031","0.029","0.028","0.026","0.027","0.026","0.025","0.025","0.025","0.024","0.024","0.024","0.024","0.024"
"IMF.RES:WEO(9.0.0)","TTO.NGDP_R.A","OBS_VALUE","Trinidad and Tobago","Gross domestic product (GDP), Constant prices, Domestic currency","Annual","Billions","70.077","73.285","76.069","68.234","64.310","61.661","59.639","56.918","54.687","54.233","55.052","56.765","62.494","62.076","64.290","66.740","71.501","76.880","83.127","89.797","95.995","99.544","106.664","121.467","130.367","138.053","157.631","164.338","169.738","161.551","167.143","166.822","174.546","180.426","187.049","186.289","172.250","163.856","162.307","163.066","148.735","147.669","148.940","151.125","154.917","156.498","158.377","162.380","167.491","172.304","175.420"
"IMF.RES:WEO(9.0.0)","TTO.LP.A","OBS_VALUE","Trinidad and Tobago","Population, Persons for countries / Index for country groups","Annual","Millions","1.085","1.102","1.120","1.138","1.155","1.170","1.183","1.195","1.204","1.213","1.221","1.229","1.237","1.244","1.250","1.254","1.258","1.260","1.262","1.264","1.267","1.272","1.277","1.284","1.290","1.296","1.303","1.308","1.314","1.321","1.328","1.336","1.345","1.354","1.362","1.370","1.378","1.384","1.390","1.395","1.399","1.407","1.414","1.421","1.428","1.435","1.442","1.448","1.455","1.461","1.468"
"IMF.RES:WEO(9.0.0)","KWT.NGDP_R.A","OBS_VALUE","Kuwait","Gross domestic product (GDP), Constant prices, Domestic currency","Annual","Billions","","12.700","11.493","12.097","12.731","12.189","13.233","14.310","12.872","16.206","11.955","7.053","12.893","17.422","18.923","19.239","19.354","19.837","20.561","20.194","21.141","21.186","21.824","25.606","28.228","31.223","33.569","35.580","36.462","33.882","33.079","36.264","38.667","39.112","39.307","39.540","40.697","38.780","39.844","40.745","38.783","39.431","42.096","41.394","40.335","41.373","42.997","43.989","44.986","45.993","47.041"
"IMF.RES:WEO(9.0.0)","KWT.LP.A","OBS_VALUE","Kuwait","Population, Persons for countries / Index for country groups","Annual","Millions","","","","","","","","","","","","","","1.514","1.683","1.802","1.894","1.980","2.027","2.107","2.138","2.183","2.262","2.325","2.391","2.245","2.328","2.411","2.778","2.778","2.933","3.247","3.428","3.588","3.744","3.925","4.083","4.227","4.420","4.465","4.336","4.386","4.794","4.913","5.012","5.112","5.214","5.318","5.425","5.533","5.644"
"IMF.RES:WEO(9.0.0)","IRN.NGDP_R.A","OBS_VALUE","Iran, Islamic Republic of","Gross domestic product (GDP), Constant prices, Domestic currency","Annual","Billions","22690470.107","21397842.303","26355988.882","29278002.742","27187597.117","27695366.256","24985400.818","24942399.023","23425403.157","24861875.977","28241829.728","31833102.719","32882952.692","32399240.682","31849008.875","32613717.767","34684860.400","35153244.503","35884436.130","36603092.380","38742736.202","39669529.365","42874362.919","46578407.067","48598357.000","50148546.000","52655885.000","56950374.000","57093236.000","57668395.000","61011961.000","64462739.000","62047211.000","61102866.000","64148707.000","63234663.000","67367469.000","69406583.000","66805254.000","65227693.000","68124979.000","70939155.000","74027000.000","77974380.000","80830675.000","81355495.654","82259787.398","83586009.306","85268920.856","86995918.784","88735105.615"
"IMF.RES:WEO(9.0.0)","CYP.NGDP_R.A","OBS_VALUE","Cyprus","Gross domestic product (GDP), Constant prices, Domestic currency","Annual","Billions","4.886","5.036","5.352","5.636","6.134","6.425","6.655","7.130","7.723","8.348","8.966","9.032","9.878","9.947","10.534","11.579","11.739","12.049","12.786","13.425","14.225","14.788","15.338","15.741","16.532","17.334","18.151","19.077","19.772","19.374","19.816","19.899","19.212","17.947","17.629","18.231","19.430","20.547","21.836","23.119","22.374","24.922","26.718","27.456","28.403","29.239","30.070","30.925","31.856","32.826","33.802"
"IMF.RES:WEO(9.0.0)","IRN.PPPSH.A","OBS_VALUE","Iran, Islamic Republic of","Gross domestic product (GDP), Purchasing power parity (PPP) international dollar, percent of world GDP, Percent, ICP benchmarks 2017-2021","Annual","Units","1.302","1.200","1.470","1.593","1.416","1.392","1.216","1.169","1.052","1.077","1.176","1.296","1.202","1.163","1.111","1.098","1.125","1.095","1.089","1.073","1.081","1.080","1.136","1.191","1.181","1.165","1.163","1.196","1.166","1.186","1.193","1.214","1.132","1.079","1.095","1.045","1.080","1.072","0.995","0.862","0.946","0.895","0.901","0.917","0.921","0.899","0.882","0.869","0.859","0.850","0.841"
"IMF.RES:WEO(9.0.0)","CYP.PPPSH.A","OBS_VALUE","Cyprus","Gross domestic product (GDP), Purchasing power parity (PPP) international dollar, percent of world GDP, Percent, ICP benchmarks 2017-2021","Annual","Units","0.023","0.024","0.025","0.026","0.027","0.027","0.027","0.028","0.029","0.030","0.031","0.031","0.030","0.030","0.031","0.033","0.032","0.031","0.032","0.033","0.033","0.034","0.034","0.034","0.034","0.034","0.033","0.033","0.034","0.033","0.032","0.031","0.029","0.026","0.025","0.025","0.026","0.026","0.027","0.028","0.028","0.029","0.030","0.029","0.029","0.029","0.029","0.029","0.029","0.029","0.029"
"IMF.RES:WEO(9.0.0)","IRN.LP.A","OBS_VALUE","Iran, Islamic Republic of","Population, Persons for countries / Index for country groups","Annual","Millions","39.291","40.826","42.420","44.077","45.798","47.587","49.445","50.662","51.909","53.187","54.496","55.837","56.656","57.488","58.331","59.187","60.055","60.994","61.842","62.512","63.515","64.584","65.657","67.315","68.345","69.390","70.496","71.532","72.266","73.196","74.157","75.150","76.038","77.016","77.970","78.940","79.926","81.070","82.084","83.075","84.038","84.055","84.904","85.761","86.626","87.500","88.382","89.275","90.176","91.087","92.007"
"IMF.RES:WEO(9.0.0)","IRQ.LP.A","OBS_VALUE","Iraq","Population, Persons for countries / Index for country groups","Annual","Millions","","","","","","","","","","","","","","","","","","","","","","","","25.960","26.674","27.377","28.064","28.741","29.430","30.163","30.962","31.760","32.578","33.417","35.000","35.213","36.169","37.140","38.124","39.128","40.150","41.191","42.249","43.324","44.415","45.521","46.640","47.772","48.914","50.062","51.212"
"IMF.RES:WEO(9.0.0)","LBN.LP.A","OBS_VALUE","Lebanon","Population, Persons for countries / Index for country groups","Annual","Millions","2.964","3.027","3.070","3.107","3.164","3.227","3.308","3.391","3.457","3.526","3.594","3.667","3.745","3.819","3.888","3.960","4.034","4.108","4.179","4.250","4.321","4.389","4.447","4.505","4.575","4.643","4.720","4.810","4.888","4.951","4.996","5.045","5.178","5.679","6.274","6.399","6.259","6.109","5.951","5.782","5.663","5.593","5.490","5.354","5.354","","","","","",""
"IMF.RES:WEO(9.0.0)","JOR.LP.A","OBS_VALUE","Jordan","Population, Persons for countries / Index for country groups","Annual","Millions","2.217","2.307","2.406","2.515","2.630","2.751","2.880","3.015","3.157","3.311","3.481","3.666","3.867","4.076","4.278","4.458","4.609","4.734","4.844","4.951","5.056","5.163","5.276","5.396","5.532","5.679","6.076","6.473","6.633","6.780","6.931","7.110","7.212","7.695","8.658","9.494","9.965","10.215","10.460","10.699","10.929","11.148","11.286","11.337","11.385","11.442","11.515","11.605","11.704","11.813","11.933"
"IMF.RES:WEO(9.0.0)","IRQ.PPPSH.A","OBS_VALUE","Iraq","Gross domestic product (GDP), Purchasing power parity (PPP) international dollar, percent of world GDP, Percent, ICP benchmarks 2017-2021","Annual","Units","","","","","","","","","","","","","","","","","","","","","0.319","0.317","0.283","0.173","0.253","0.245","0.247","0.239","0.251","0.262","0.265","0.274","0.303","0.315","0.307","0.305","0.343","0.326","0.370","0.364","0.320","0.351","0.365","0.356","0.344","0.335","0.337","0.338","0.341","0.344","0.348"
"IMF.RES:WEO(9.0.0)","KWT.PPPSH.A","OBS_VALUE","Kuwait","Gross domestic product (GDP), Purchasing power parity (PPP) international dollar, percent of world GDP, Percent, ICP benchmarks 2017-2021","Annual","Units","","0.185","0.166","0.171","0.172","0.159","0.167","0.174","0.150","0.182","0.129","0.074","0.122","0.162","0.171","0.168","0.163","0.160","0.162","0.153","0.153","0.149","0.150","0.170","0.178","0.188","0.192","0.194","0.193","0.180","0.168","0.177","0.183","0.179","0.174","0.169","0.169","0.155","0.167","0.160","0.130","0.141","0.145","0.138","0.130","0.129","0.130","0.129","0.128","0.127","0.126"
"IMF.RES:WEO(9.0.0)","JOR.NGDP_R.A","OBS_VALUE","Jordan","Gross domestic product (GDP), Constant prices, Domestic currency","Annual","Billions","6.857","7.883","8.344","8.458","8.921","8.824","9.348","9.601","9.879","8.826","8.684","8.193","9.575","9.992","10.492","11.116","11.329","11.753","12.129","12.522","13.048","13.699","14.601","15.182","16.435","17.885","19.408","21.033","22.586","23.721","24.270","24.934","25.540","26.207","27.094","27.770","28.324","29.024","29.581","30.099","29.767","30.856","31.673","32.586","33.397","34.299","35.293","36.352","37.443","38.566","39.723"
"IMF.RES:WEO(9.0.0)","ISR.LP.A","OBS_VALUE","Israel","Population, Persons for countries / Index for country groups","Annual","Millions","3.920","3.948","4.018","4.104","4.157","4.231","4.296","4.366","4.439","4.516","4.658","4.946","5.124","5.259","5.395","5.542","5.682","5.824","5.967","6.117","6.286","6.436","6.567","6.687","6.806","6.927","7.052","7.176","7.307","7.482","7.621","7.763","7.907","8.056","8.212","8.377","8.543","8.710","8.879","9.051","9.214","9.367","9.551","9.845","9.988","10.178","10.368","10.560","10.753","10.947","11.144"
"IMF.RES:WEO(9.0.0)","ISR.NGDP_R.A","OBS_VALUE","Israel","Gross domestic product (GDP), Constant prices, Domestic currency","Annual","Billions","295.255","309.201","313.606","321.716","328.826","343.462","355.657","382.297","395.922","401.541","428.175","447.946","479.996","498.098","533.019","584.476","618.613","640.948","667.237","689.174","748.384","750.411","749.264","760.013","795.356","829.975","876.380","931.705","961.668","973.402","1027.375","1084.017","1110.146","1155.550","1198.515","1225.314","1280.892","1336.535","1390.709","1440.481","1414.517","1546.567","1644.992","1678.923","1694.934","1737.224","1805.423","1864.655","1926.389","1990.968","2058.030"
"IMF.RES:WEO(9.0.0)","IRQ.NGDP_R.A","OBS_VALUE","Iraq","Gross domestic product (GDP), Constant prices, Domestic currency","Annual","Billions","","","","","","","","","","","","","","","","","","","","","112208.512","114190.797","104822.921","66398.213","101845.262","103551.403","109389.941","111455.813","120626.517","124702.848","132687.029","142700.217","162587.533","174990.175","176282.471","180754.016","209986.371","206816.957","212262.404","224124.577","196313.193","199116.654","214474.101","216447.508","216091.112","217068.367","224966.904","232986.845","242030.819","251995.957","262395.261"
"IMF.RES:WEO(9.0.0)","JOR.PPPSH.A","OBS_VALUE","Jordan","Gross domestic product (GDP), Purchasing power parity (PPP) international dollar, percent of world GDP, Percent, ICP benchmarks 2017-2021","Annual","Units","0.067","0.075","0.079","0.078","0.079","0.075","0.077","0.076","0.075","0.065","0.061","0.057","0.059","0.061","0.062","0.063","0.062","0.062","0.062","0.062","0.062","0.063","0.066","0.066","0.068","0.071","0.073","0.075","0.078","0.083","0.081","0.080","0.079","0.079","0.078","0.078","0.077","0.076","0.071","0.072","0.074","0.065","0.064","0.064","0.063","0.063","0.063","0.063","0.063","0.063","0.063"
"IMF.RES:WEO(9.0.0)","ISR.PPPSH.A","OBS_VALUE","Israel","Gross domestic product (GDP), Purchasing power parity (PPP) international dollar, percent of world GDP, Percent, ICP benchmarks 2017-2021","Annual","Units","0.226","0.231","0.233","0.233","0.228","0.230","0.231","0.239","0.237","0.232","0.237","0.243","0.234","0.238","0.248","0.262","0.267","0.266","0.270","0.269","0.278","0.272","0.264","0.259","0.258","0.257","0.258","0.261","0.262","0.267","0.268","0.272","0.270","0.272","0.273","0.270","0.273","0.275","0.269","0.265","0.269","0.276","0.283","0.279","0.273","0.272","0.274","0.274","0.274","0.275","0.276"
"IMF.RES:WEO(9.0.0)","OMN.NGDP_R.A","OBS_VALUE","Oman","Gross domestic product (GDP), Constant prices, Domestic currency","Annual","Billions","5.259","6.158","6.866","7.961","9.068","10.385","10.607","10.184","10.718","11.038","11.962","12.685","13.763","14.608","15.170","15.903","16.362","17.373","17.843","17.896","19.004","19.881","19.725","19.292","19.677","20.224","21.168","22.222","24.211","25.659","26.294","27.055","29.453","30.992","31.393","32.968","34.632","34.737","35.184","34.787","33.611","34.479","37.233","37.675","38.305","39.410","40.986","42.520","44.252","45.947","47.586"
"IMF.RES:WEO(9.0.0)","QAT.NGDP_R.A","OBS_VALUE","Qatar","Gross domestic product (GDP), Constant prices, Domestic currency","Annual","Billions","90.830","87.293","80.126","75.856","87.985","76.519","79.356","80.070","83.833","88.276","75.349","74.201","81.935","81.206","82.772","83.071","86.584","110.607","121.947","126.541","135.330","141.420","151.140","157.166","187.381","201.981","258.703","305.762","359.253","406.181","478.261","532.316","557.495","588.470","619.861","649.325","669.221","659.199","667.339","671.932","648.028","658.571","686.132","696.697","713.191","733.742","778.405","838.919","868.325","882.449","912.252"
"IMF.RES:WEO(9.0.0)","LBN.NGDP_R.A","OBS_VALUE","Lebanon","Gross domestic product (GDP), Constant prices, Domestic currency","Annual","Billions","38331.992","38542.690","24363.287","29896.142","43193.722","53689.757","50053.213","58426.629","41945.124","24246.232","20992.070","29011.041","30315.044","32437.013","35041.630","37316.808","38823.738","42779.841","44448.255","44092.669","44577.689","46316.218","47890.970","48705.116","52358.000","53765.000","54597.000","59682.000","65093.000","71755.000","77477.000","78149.000","80134.671","83188.210","85239.692","85625.731","86963.847","87757.634","86131.228","80273.434","60528.756","61749.047","62366.537","61929.971","57285.224","","","","","",""
"IMF.RES:WEO(9.0.0)","QAT.PPPSH.A","OBS_VALUE","Qatar","Gross domestic product (GDP), Purchasing power parity (PPP) international dollar, percent of world GDP, Percent, ICP benchmarks 2017-2021","Annual","Units","0.104","0.098","0.089","0.082","0.091","0.077","0.077","0.075","0.075","0.076","0.063","0.060","0.060","0.058","0.058","0.056","0.056","0.069","0.074","0.074","0.075","0.077","0.080","0.080","0.091","0.094","0.114","0.128","0.146","0.166","0.186","0.200","0.203","0.207","0.211","0.214","0.214","0.203","0.214","0.202","0.164","0.186","0.187","0.184","0.182","0.182","0.187","0.196","0.196","0.193","0.194"
"IMF.RES:WEO(9.0.0)","OMN.PPPSH.A","OBS_VALUE","Oman","Gross domestic product (GDP), Purchasing power parity (PPP) international dollar, percent of world GDP, Percent, ICP benchmarks 2017-2021","Annual","Units","0.069","0.079","0.087","0.099","0.108","0.119","0.118","0.109","0.110","0.109","0.114","0.118","0.115","0.120","0.121","0.122","0.121","0.123","0.123","0.120","0.121","0.123","0.119","0.112","0.109","0.107","0.107","0.106","0.113","0.120","0.117","0.116","0.123","0.125","0.122","0.124","0.127","0.122","0.131","0.122","0.113","0.111","0.116","0.113","0.111","0.111","0.112","0.113","0.114","0.115","0.115"
"IMF.RES:WEO(9.0.0)","LBN.PPPSH.A","OBS_VALUE","Lebanon","Gross domestic product (GDP), Purchasing power parity (PPP) international dollar, percent of world GDP, Percent, ICP benchmarks 2017-2021","Annual","Units","0.168","0.165","0.104","0.124","0.172","0.206","0.186","0.209","0.144","0.080","0.067","0.090","0.085","0.089","0.093","0.096","0.096","0.102","0.103","0.099","0.095","0.096","0.097","0.095","0.097","0.095","0.092","0.096","0.102","0.113","0.116","0.112","0.112","0.112","0.111","0.108","0.106","0.104","0.099","0.090","0.055","0.038","0.037","0.036","0.032","","","","","",""
"IMF.RES:WEO(9.0.0)","OMN.LP.A","OBS_VALUE","Oman","Population, Persons for countries / Index for country groups","Annual","Millions","1.357","1.470","1.470","1.583","1.696","1.696","1.809","1.922","1.922","2.035","1.843","1.910","1.979","2.047","2.112","2.172","2.225","2.274","2.318","2.361","2.402","2.443","2.484","2.526","2.570","2.618","2.670","2.726","2.785","2.883","2.998","3.295","3.623","3.855","3.992","4.159","4.414","4.560","4.602","4.618","4.445","4.488","4.934","5.166","5.331","5.502","5.678","5.860","6.047","6.241","6.440"
"IMF.RES:WEO(9.0.0)","YEM.LP.A","OBS_VALUE","Yemen, Republic of","Population, Persons for countries / Index for country groups","Annual","Millions","","","","","","","","","","","13.888","14.430","14.989","15.564","16.149","16.740","17.313","17.874","18.446","19.029","19.624","20.226","20.835","21.456","22.095","22.790","23.543","24.318","25.112","25.928","26.754","27.583","28.434","29.313","30.226","31.159","32.109","33.091","34.085","35.111","36.135","37.140","38.223","39.391","40.583","41.774","42.962","44.146","45.324","46.498","47.668"
"IMF.RES:WEO(9.0.0)","EGY.PPPSH.A","OBS_VALUE","Egypt, Arab Republic of","Gross domestic product (GDP), Purchasing power parity (PPP) international dollar, percent of world GDP, Percent, ICP benchmarks 2017-2021","Annual","Units","0.666","0.665","0.710","0.754","0.780","0.808","0.820","0.823","0.820","0.815","0.802","0.800","0.721","0.728","0.737","0.743","0.751","0.765","0.801","0.821","0.823","0.832","0.835","0.831","0.823","0.822","0.835","0.850","0.886","0.933","0.933","0.915","0.906","0.906","0.901","0.911","0.921","0.925","0.982","1.022","1.187","1.101","1.133","1.136","1.127","1.140","1.156","1.172","1.192","1.215","1.241"
"IMF.RES:WEO(9.0.0)","SAU.LP.A","OBS_VALUE","Saudi Arabia","Population, Persons for countries / Index for country groups","Annual","Millions","8.419","8.841","9.283","9.748","10.235","10.748","11.285","11.850","12.443","13.066","13.720","14.442","14.812","15.192","15.582","15.981","16.391","16.811","17.242","17.684","18.138","18.603","19.080","19.569","20.071","20.586","21.113","21.655","22.210","22.780","23.978","25.092","26.169","27.624","28.309","29.816","30.954","30.977","30.196","30.064","31.553","30.784","32.175","33.703","35.300","36.006","36.726","37.461","38.210","38.974","39.754"
"IMF.RES:WEO(9.0.0)","ARE.NGDP_R.A","OBS_VALUE","United Arab Emirates","Gross domestic product (GDP), Constant prices, Domestic currency","Annual","Billions","390.007","421.302","391.017","370.490","386.979","377.220","304.535","320.688","312.275","361.404","446.559","456.276","470.621","471.855","507.002","540.609","569.798","618.614","624.043","647.944","727.782","737.964","755.922","822.447","901.126","944.877","1037.827","1070.876","1105.057","1047.119","1130.162","1206.295","1262.789","1324.899","1386.280","1484.535","1568.529","1551.881","1575.736","1595.769","1457.042","1523.378","1637.852","1708.299","1776.491","1861.140","1954.342","2046.898","2137.672","2228.621","2314.443"
"IMF.RES:WEO(9.0.0)","SYR.NGDP_R.A","OBS_VALUE","Syrian Arab Republic","Gross domestic product (GDP), Constant prices, Domestic currency","Annual","Billions","464.241","503.530","516.534","524.824","490.720","526.524","501.478","507.753","572.342","537.618","593.303","656.946","743.967","799.085","843.305","889.039","915.408","905.429","955.713","925.884","947.130","981.983","1039.888","1018.708","1089.026","1156.714","1215.082","1284.035","1341.515","1420.832","1469.703","","","","","","","","","","","","","","","","","","","",""
"IMF.RES:WEO(9.0.0)","ARE.LP.A","OBS_VALUE","United Arab Emirates","Population, Persons for countries / Index for country groups","Annual","Millions","1.010","1.100","1.170","1.210","1.310","1.380","1.440","1.500","1.790","1.860","1.844","1.928","2.011","2.083","2.230","2.411","2.443","2.580","2.834","3.033","3.169","3.346","3.546","3.866","4.230","4.585","4.910","5.595","6.498","6.774","6.965","7.244","7.539","7.847","8.272","8.738","9.132","9.315","9.379","9.513","9.289","9.861","10.289","10.679","10.999","11.083","11.165","11.245","11.323","11.398","11.472"
"IMF.RES:WEO(9.0.0)","SAU.NGDP_R.A","OBS_VALUE","Saudi Arabia","Gross domestic product (GDP), Constant prices, Domestic currency","Annual","Billions","1858.389","1913.820","1605.521","1429.019","1371.751","1272.823","1285.655","1245.375","1327.574","1333.086","1458.744","1578.664","1650.976","1657.247","1673.040","1678.255","1733.716","1779.613","1829.510","1817.922","1903.694","1910.254","1897.104","2063.456","2241.553","2374.811","2453.500","2507.812","2664.249","2635.829","2768.662","3094.225","3272.499","3368.897","3504.483","3667.621","3730.120","3774.213","3896.005","3960.350","3809.668","4058.043","4545.032","4569.693","4660.927","4848.341","5041.228","5205.060","5378.597","5556.117","5738.727"
"IMF.RES:WEO(9.0.0)","SYR.PPPSH.A","OBS_VALUE","Syrian Arab Republic","Gross domestic product (GDP), Purchasing power parity (PPP) international dollar, percent of world GDP, Percent, ICP benchmarks 2017-2021","Annual","Units","0.143","0.152","0.155","0.154","0.137","0.142","0.131","0.128","0.138","0.125","0.133","0.144","0.146","0.154","0.158","0.161","0.160","0.152","0.156","0.146","0.142","0.144","0.148","0.140","0.142","0.144","0.144","0.145","0.147","0.157","0.154","","","","","","","","","","","","","","","","","","","",""
"IMF.RES:WEO(9.0.0)","SAU.PPPSH.A","OBS_VALUE","Saudi Arabia","Gross domestic product (GDP), Purchasing power parity (PPP) international dollar, percent of world GDP, Percent, ICP benchmarks 2017-2021","Annual","Units","2.415","2.430","2.028","1.760","1.617","1.449","1.417","1.322","1.349","1.308","1.375","1.455","1.366","1.346","1.321","1.279","1.273","1.255","1.257","1.207","1.202","1.178","1.138","1.194","1.234","1.249","1.227","1.192","1.232","1.227","1.226","1.319","1.352","1.347","1.355","1.372","1.353","1.320","1.352","1.274","1.068","1.229","1.328","1.291","1.275","1.287","1.298","1.299","1.301","1.303","1.306"
"IMF.RES:WEO(9.0.0)","EGY.LP.A","OBS_VALUE","Egypt, Arab Republic of","Population, Persons for countries / Index for country groups","Annual","Millions","40.554","41.706","42.846","44.015","45.237","46.545","47.751","48.800","49.800","50.900","51.360","52.423","53.508","55.200","56.300","57.600","58.800","60.100","61.300","62.600","64.000","65.300","66.600","68.000","69.300","70.700","72.200","73.600","75.200","76.900","78.700","80.500","82.500","84.600","86.800","89.000","91.000","95.200","97.100","98.900","100.600","102.100","103.600","105.200","107.304","109.450","111.639","113.872","116.149","118.472","122.026"
"IMF.RES:WEO(9.0.0)","SYR.LP.A","OBS_VALUE","Syrian Arab Republic","Population, Persons for countries / Index for country groups","Annual","Millions","9.129","9.444","9.758","10.084","10.419","10.776","11.133","11.511","11.899","12.298","12.721","13.102","13.484","13.865","14.241","14.610","14.973","15.334","15.702","16.091","16.511","16.961","17.438","17.952","18.512","19.121","19.596","20.083","20.581","21.092","21.393","","","","","","","","","","","","","","","","","","","",""
"IMF.RES:WEO(9.0.0)","ARE.PPPSH.A","OBS_VALUE","United Arab Emirates","Gross domestic product (GDP), Purchasing power parity (PPP) international dollar, percent of world GDP, Percent, ICP benchmarks 2017-2021","Annual","Units","0.485","0.512","0.473","0.437","0.437","0.411","0.322","0.326","0.304","0.340","0.403","0.403","0.373","0.367","0.384","0.395","0.401","0.418","0.411","0.412","0.440","0.436","0.434","0.456","0.475","0.476","0.497","0.488","0.490","0.467","0.479","0.493","0.500","0.508","0.513","0.532","0.545","0.520","0.546","0.536","0.448","0.418","0.434","0.437","0.440","0.448","0.456","0.463","0.469","0.474","0.477"
"IMF.RES:WEO(9.0.0)","BGD.PPPSH.A","OBS_VALUE","Bangladesh","Gross domestic product (GDP), Purchasing power parity (PPP) international dollar, percent of world GDP, Percent, ICP benchmarks 2017-2021","Annual","Units","0.391","0.396","0.404","0.409","0.412","0.411","0.415","0.414","0.405","0.401","0.408","0.413","0.389","0.400","0.404","0.409","0.412","0.414","0.424","0.429","0.430","0.441","0.445","0.450","0.451","0.459","0.465","0.474","0.488","0.516","0.518","0.532","0.549","0.563","0.577","0.595","0.618","0.635","0.677","0.709","0.787","0.794","0.821","0.840","0.847","0.853","0.868","0.889","0.912","0.943","0.975"
"IMF.RES:WEO(9.0.0)","YEM.NGDP_R.A","OBS_VALUE","Yemen, Republic of","Gross domestic product (GDP), Constant prices, Domestic currency","Annual","Billions","","","","","","","","","","","147.959","157.271","170.179","176.990","188.887","199.596","208.847","219.772","232.973","241.769","256.715","266.480","276.966","287.345","298.760","315.466","325.468","336.334","348.602","362.079","389.968","340.384","348.529","365.340","364.651","262.569","237.953","225.884","227.584","232.363","212.612","210.486","213.643","209.370","206.230","203.136","203.136","215.325","227.167","238.526","250.452"
"IMF.RES:WEO(9.0.0)","WBG.NGDP_R.A","OBS_VALUE","West Bank and Gaza","Gross domestic product (GDP), Constant prices, Domestic currency","Annual","Billions","","","","","","","","","","","","","","","19.658","21.058","21.313","24.440","27.943","30.257","27.668","25.092","21.958","25.036","30.525","33.971","33.633","34.907","37.500","40.723","43.075","47.211","50.089","52.443","52.360","54.308","59.123","59.962","60.698","61.525","54.561","58.387","60.771","58.002","42.598","","","","","",""
"IMF.RES:WEO(9.0.0)","WBG.PPPSH.A","OBS_VALUE","West Bank and Gaza","Gross domestic product (GDP), Purchasing power parity (PPP) international dollar, percent of world GDP, Percent, ICP benchmarks 2017-2021","Annual","Units","","","","","","","","","","","","","","","0.016","0.017","0.016","0.018","0.020","0.021","0.018","0.016","0.014","0.015","0.017","0.019","0.018","0.017","0.018","0.020","0.020","0.021","0.022","0.022","0.021","0.021","0.022","0.022","0.021","0.022","0.020","0.018","0.018","0.016","0.012","","","","","",""
"IMF.RES:WEO(9.0.0)","YEM.PPPSH.A","OBS_VALUE","Yemen, Republic of","Gross domestic product (GDP), Purchasing power parity (PPP) international dollar, percent of world GDP, Percent, ICP benchmarks 2017-2021","Annual","Units","","","","","","","","","","","0.088","0.092","0.089","0.091","0.094","0.096","0.097","0.098","0.101","0.102","0.103","0.104","0.105","0.105","0.104","0.105","0.103","0.101","0.102","0.107","0.109","0.092","0.087","0.090","0.087","0.060","0.053","0.049","0.047","0.046","0.043","0.040","0.039","0.037","0.035","0.033","0.032","0.033","0.034","0.035","0.035"
"IMF.RES:WEO(9.0.0)","WBG.LP.A","OBS_VALUE","West Bank and Gaza","Population, Persons for countries / Index for country groups","Annual","Millions","","","","","","","","","","","","","","2.184","2.317","2.483","2.631","2.783","2.872","2.962","3.053","3.138","3.225","3.315","3.407","3.508","3.612","3.719","3.821","3.922","4.023","4.125","4.226","4.328","4.429","4.530","4.632","4.733","4.854","4.977","5.101","5.227","5.355","5.483","5.613","","","","","",""
"IMF.RES:WEO(9.0.0)","EGY.NGDP_R.A","OBS_VALUE","Egypt, Arab Republic of","Gross domestic product (GDP), Constant prices, Domestic currency","Annual","Billions","1198.469","1224.809","1314.177","1430.826","1545.593","1660.360","1739.380","1813.696","1886.131","1942.574","1988.218","2029.971","2036.061","2095.107","2182.840","2280.717","2391.987","2533.573","2724.675","2891.150","3046.789","3154.161","3254.637","3358.572","3496.008","3652.340","3902.300","4178.889","4477.942","4687.223","4928.485","5015.452","5127.106","5296.400","5451.600","5689.300","5936.200","6184.900","6514.400","6875.900","7121.800","7353.400","7842.500","8137.400","8332.600","8688.416","9078.495","9502.318","9970.596","10479.700","11034.632"
"IMF.RES:WEO(9.0.0)","G505.BX.A","OBS_VALUE","Emerging and Developing Asia","Exports of goods and services, US dollar","Annual","Billions","","","","","","","","","","","","","","","","","","536.228","513.530","536.898","652.492","646.542","738.188","907.200","1179.474","1441.321","1780.545","2186.491","2570.672","2208.938","2859.161","3447.884","3647.877","3870.303","4018.451","3790.827","3666.548","4096.442","4470.186","4456.914","4381.113","5617.256","6112.925","5845.241","6311.262","6570.929","6747.231","","","",""
"IMF.RES:WEO(9.0.0)","G505.BM.A","OBS_VALUE","Emerging and Developing Asia","Imports of goods and services, US dollar","Annual","Billions","","","","","","","","","","","","","","","","","","527.956","454.740","484.460","603.789","603.627","683.132","846.395","1114.954","1324.757","1557.811","1881.466","2263.935","2013.822","2669.600","3359.192","3550.925","3716.129","3840.426","3466.184","3419.003","3927.724","4490.095","4379.820","4006.519","5273.008","5693.302","5535.083","5866.247","5923.624","6216.740","","","",""
"IMF.RES:WEO(9.0.0)","BTN.NGDP_R.A","OBS_VALUE","Bhutan","Gross domestic product (GDP), Constant prices, Domestic currency","Annual","Billions","12.011","13.643","14.761","15.844","17.051","17.793","19.208","23.093","26.576","28.222","30.789","32.297","32.970","34.022","34.781","36.875","39.077","41.243","43.721","46.820","50.066","53.591","58.690","64.001","68.112","72.245","76.772","85.230","93.656","99.400","109.219","120.160","128.136","132.408","137.314","145.765","156.718","165.894","171.708","179.689","175.277","169.506","177.687","186.649","194.577","207.790","223.227","235.587","248.778","266.212","283.415"
"IMF.RES:WEO(9.0.0)","G510.PPPSH.A","OBS_VALUE","ASEAN-5","Gross domestic product (GDP), Purchasing power parity (PPP) international dollar, percent of world GDP, Percent, ICP benchmarks 2017-2021","Annual","Units","2.939","3.057","3.158","3.217","3.209","3.133","3.190","3.284","3.425","3.617","3.778","3.965","3.796","4.019","4.207","4.379","4.527","4.504","3.996","3.979","3.998","4.008","4.090","4.163","4.202","4.228","4.248","4.295","4.382","4.491","4.595","4.629","4.762","4.836","4.878","4.936","5.016","5.085","5.151","5.158","5.011","4.922","5.010","5.040","5.105","5.159","5.209","5.265","5.323","5.391","5.467"
"IMF.RES:WEO(9.0.0)","AFG.NGDP_R.A","OBS_VALUE","Afghanistan, Islamic Republic of","Gross domestic product (GDP), Constant prices, Domestic currency","Annual","Billions","","","","","","","","","","","","","","","","","","","","","","","453.484","492.903","496.209","554.910","584.658","662.650","688.247","829.924","899.956","958.266","1092.118","1154.178","1185.306","1197.012","1222.917","1255.288","1270.216","1319.902","1288.869","1101.445","1032.712","1056.123","1074.604","","","","","",""
"IMF.RES:WEO(9.0.0)","G505.PPPSH.A","OBS_VALUE","Emerging and Developing Asia","Gross domestic product (GDP), Purchasing power parity (PPP) international dollar, percent of world GDP, Percent, ICP benchmarks 2017-2021","Annual","Units","8.506","8.789","9.179","9.564","9.803","10.103","10.380","10.712","11.212","11.492","11.688","12.134","11.834","12.641","13.415","14.087","14.706","14.974","14.997","15.444","15.636","16.165","16.758","17.499","18.034","18.767","19.559","20.540","21.374","23.087","23.965","24.798","25.699","26.579","27.458","28.381","29.382","30.184","31.009","31.662","32.392","32.642","32.955","33.781","34.442","35.136","35.698","36.263","36.811","37.354","37.873"
"IMF.RES:WEO(9.0.0)","AFG.PPPSH.A","OBS_VALUE","Afghanistan, Islamic Republic of","Gross domestic product (GDP), Purchasing power parity (PPP) international dollar, percent of world GDP, Percent, ICP benchmarks 2017-2021","Annual","Units","","","","","","","","","","","","","","","","","","","","","","","0.041","0.043","0.042","0.044","0.045","0.048","0.048","0.059","0.061","0.062","0.069","0.070","0.070","0.068","0.068","0.067","0.067","0.070","0.072","0.055","0.049","0.049","0.048","","","","","",""
"IMF.RES:WEO(9.0.0)","BTN.LP.A","OBS_VALUE","Bhutan","Population, Persons for countries / Index for country groups","Annual","Millions","0.422","0.433","0.445","0.455","0.466","0.479","0.495","0.512","0.528","0.542","0.548","0.547","0.540","0.530","0.523","0.520","0.524","0.532","0.546","0.561","0.576","0.594","0.611","0.627","0.642","0.657","0.668","0.677","0.686","0.694","0.702","0.709","0.717","0.725","0.733","0.740","0.747","0.753","0.759","0.765","0.770","0.775","0.780","0.785","0.790","0.795","0.801","0.806","0.811","0.816","0.822"
"IMF.RES:WEO(9.0.0)","BGD.NGDP_R.A","OBS_VALUE","Bangladesh","Gross domestic product (GDP), Constant prices, Domestic currency","Annual","Billions","3662.163","3801.398","3891.737","4048.033","4257.748","4394.987","4581.712","4752.713","4855.334","4982.172","5278.177","5454.418","5729.316","5991.372","6236.101","6543.227","6845.660","7153.020","7523.334","7874.688","8291.521","8712.498","9046.464","9475.227","9971.683","10623.427","11332.215","12132.105","12861.700","13510.591","14263.375","15185.413","16175.725","17148.463","18187.855","19379.632","20758.210","22126.230","23745.740","25617.349","26500.650","28339.444","30351.500","32104.329","33460.178","34718.281","36416.005","38488.075","40724.232","43444.611","46277.200"
"IMF.RES:WEO(9.0.0)","BGD.LP.A","OBS_VALUE","Bangladesh","Population, Persons for countries / Index for country groups","Annual","Millions","79.639","81.768","83.932","86.142","88.417","90.764","93.188","95.671","98.186","100.695","103.172","105.599","107.984","110.351","112.738","115.170","117.650","120.161","122.683","125.190","127.658","130.089","132.478","134.792","136.986","139.036","140.921","142.660","144.304","145.925","147.575","149.274","151.008","152.765","154.520","156.256","157.971","159.671","161.356","163.046","164.689","166.657","168.520","170.279","172.019","173.736","175.423","177.070","178.681","180.245","181.767"
"IMF.RES:WEO(9.0.0)","AFG.LP.A","OBS_VALUE","Afghanistan, Islamic Republic of","Population, Persons for countries / Index for country groups","Annual","Millions","","","","","","","","","","","","","","","","","","","","","","","21.000","22.645","23.554","24.411","25.443","25.903","26.427","27.385","28.190","29.249","30.466","31.541","32.716","33.753","34.636","35.643","36.687","37.769","38.972","40.099","40.800","42.200","43.373","","","","","",""
"IMF.RES:WEO(9.0.0)","TWN.NGDP_R.A","OBS_VALUE","Taiwan Province of China","Gross domestic product (GDP), Constant prices, Domestic currency","Annual","Billions","2346.027","2568.255","2691.811","2934.720","3229.653","3384.940","3774.640","4255.959","4597.469","4998.475","5275.458","5717.119","6192.253","6614.235","7110.573","7572.687","8040.421","8526.981","8885.524","9483.696","10082.522","9941.179","10486.321","10929.320","11689.118","12318.369","13029.192","13921.703","14032.900","13806.459","15220.971","15780.050","16130.510","16531.048","17311.105","17564.746","17945.024","18602.118","19142.600","19727.465","20402.197","21773.291","22357.584","22608.347","23701.987","24572.880","25092.035","25724.573","26345.378","26972.401","27563.792"
"IMF.RES:WEO(9.0.0)","TWN.PPPSH.A","OBS_VALUE","Taiwan Province of China","Gross domestic product (GDP), Purchasing power parity (PPP) international dollar, percent of world GDP, Percent, ICP benchmarks 2017-2021","Annual","Units","0.435","0.465","0.485","0.516","0.543","0.549","0.593","0.644","0.666","0.699","0.709","0.751","0.731","0.766","0.801","0.823","0.842","0.858","0.870","0.898","0.908","0.874","0.897","0.902","0.917","0.924","0.929","0.944","0.926","0.916","0.961","0.960","0.950","0.943","0.954","0.937","0.928","0.927","0.892","0.884","0.974","0.963","0.954","0.933","0.947","0.952","0.944","0.938","0.931","0.924","0.916"
"IMF.RES:WEO(9.0.0)","MMR.NGDP_R.A","OBS_VALUE","Myanmar","Gross domestic product (GDP), Constant prices, Domestic currency","Annual","Billions","","","","","","","","","","","","","","","","","","","15435.135","16736.603","18814.987","21160.785","23261.532","26331.141","30364.426","34483.954","39072.692","43956.969","47279.407","49352.811","51942.183","54784.100","58337.262","62945.129","68106.528","72099.254","76972.175","81695.271","86823.685","92521.347","84164.900","74069.189","77044.583","77813.076","76940.027","74880.226","77112.547","79412.893","81408.423","83168.142","84671.560"
"IMF.RES:WEO(9.0.0)","KHM.LP.A","OBS_VALUE","Cambodia","Population, Persons for countries / Index for country groups","Annual","Millions","","","","","","","7.736","7.967","8.198","8.447","8.723","9.028","9.352","9.689","10.099","10.427","10.738","11.034","11.314","11.581","11.835","12.027","12.223","12.421","12.623","12.829","13.037","13.249","13.465","13.684","13.906","14.132","14.362","14.596","14.833","15.074","15.319","15.568","15.821","16.079","16.338","16.592","16.843","17.012","17.182","17.354","17.527","17.703","17.880","18.058","18.239"
"IMF.RES:WEO(9.0.0)","KHM.PPPSH.A","OBS_VALUE","Cambodia","Gross domestic product (GDP), Purchasing power parity (PPP) international dollar, percent of world GDP, Percent, ICP benchmarks 2017-2021","Annual","Units","","","","","","","","0.023","0.024","0.024","0.023","0.025","0.024","0.024","0.026","0.026","0.027","0.027","0.027","0.030","0.031","0.033","0.034","0.036","0.037","0.040","0.043","0.045","0.047","0.049","0.049","0.051","0.053","0.055","0.058","0.060","0.062","0.065","0.069","0.072","0.071","0.067","0.068","0.069","0.071","0.072","0.073","0.074","0.075","0.077","0.079"
"IMF.RES:WEO(9.0.0)","MMR.LP.A","OBS_VALUE","Myanmar","Population, Persons for countries / Index for country groups","Annual","Millions","","","","","","","","","","","","","","","","","","","44.923","45.567","46.179","46.727","47.197","47.589","47.920","48.218","48.510","48.813","49.127","49.454","49.799","50.166","50.559","50.979","51.419","51.846","52.254","52.645","53.019","53.378","53.722","54.050","54.360","54.652","54.926","55.182","55.420","55.639","55.840","56.022","56.185"
"IMF.RES:WEO(9.0.0)","BRN.NGDP_R.A","OBS_VALUE","Brunei Darussalam","Gross domestic product (GDP), Constant prices, Domestic currency","Annual","Billions","","","","","","13.037","12.683","12.938","13.080","12.940","13.081","13.492","14.134","14.177","14.623","15.278","15.718","15.487","15.400","15.870","17.610","17.868","18.576","19.242","19.262","19.261","20.051","19.296","18.543","18.191","18.690","19.390","19.567","19.151","18.671","18.597","18.137","18.378","18.387","19.099","19.315","19.008","18.698","18.909","19.675","20.029","20.515","21.052","21.656","22.334","22.984"
"IMF.RES:WEO(9.0.0)","BRN.PPPSH.A","OBS_VALUE","Brunei Darussalam","Gross domestic product (GDP), Purchasing power parity (PPP) international dollar, percent of world GDP, Percent, ICP benchmarks 2017-2021","Annual","Units","","","","","","0.049","0.047","0.046","0.044","0.042","0.041","0.041","0.039","0.038","0.038","0.039","0.038","0.036","0.035","0.035","0.037","0.037","0.037","0.037","0.035","0.034","0.033","0.031","0.029","0.028","0.028","0.028","0.027","0.026","0.024","0.023","0.022","0.021","0.021","0.022","0.022","0.023","0.021","0.021","0.021","0.021","0.021","0.021","0.020","0.020","0.020"
"IMF.RES:WEO(9.0.0)","MMR.PPPSH.A","OBS_VALUE","Myanmar","Gross domestic product (GDP), Purchasing power parity (PPP) international dollar, percent of world GDP, Percent, ICP benchmarks 2017-2021","Annual","Units","","","","","","","","","","","","","","","","","","","0.073","0.076","0.081","0.089","0.096","0.104","0.115","0.124","0.134","0.143","0.150","0.158","0.158","0.160","0.165","0.173","0.181","0.185","0.191","0.196","0.220","0.228","0.211","0.148","0.148","0.145","0.138","0.131","0.131","0.130","0.130","0.128","0.127"
"IMF.RES:WEO(9.0.0)","BRN.LP.A","OBS_VALUE","Brunei Darussalam","Population, Persons for countries / Index for country groups","Annual","Millions","","","","","","0.222","0.226","0.234","0.241","0.246","0.253","0.260","0.267","0.274","0.281","0.287","0.295","0.302","0.310","0.317","0.325","0.333","0.340","0.346","0.352","0.359","0.365","0.370","0.375","0.380","0.387","0.393","0.399","0.403","0.408","0.412","0.417","0.426","0.437","0.451","0.442","0.441","0.445","0.451","0.456","0.460","0.465","0.470","0.475","0.480","0.485"
"IMF.RES:WEO(9.0.0)","KHM.NGDP_R.A","OBS_VALUE","Cambodia","Gross domestic product (GDP), Constant prices, Domestic currency","Annual","Billions","","","","","","","","13002.784","14253.132","14727.341","14891.973","16022.584","17155.255","17848.676","19308.954","20463.348","21670.175","22538.417","23593.582","26591.237","29439.689","31615.197","33595.912","37050.808","40554.960","45950.122","50978.610","56279.599","60487.268","62951.990","66148.011","70967.991","76397.224","82400.136","88992.411","95406.125","102948.457","111261.585","121026.151","130631.936","125987.028","129879.829","136542.536","143380.672","152012.872","159269.585","165632.905","173146.493","181826.969","191411.301","201950.790"
"IMF.RES:WEO(9.0.0)","BTN.PPPSH.A","OBS_VALUE","Bhutan","Gross domestic product (GDP), Purchasing power parity (PPP) international dollar, percent of world GDP, Percent, ICP benchmarks 2017-2021","Annual","Units","0.002","0.002","0.002","0.002","0.002","0.002","0.002","0.003","0.003","0.003","0.003","0.004","0.003","0.003","0.003","0.003","0.003","0.003","0.004","0.004","0.004","0.004","0.004","0.004","0.004","0.004","0.005","0.005","0.005","0.005","0.006","0.006","0.006","0.006","0.006","0.006","0.007","0.007","0.007","0.007","0.007","0.006","0.006","0.006","0.007","0.007","0.007","0.007","0.007","0.008","0.008"
"IMF.RES:WEO(9.0.0)","TLS.LP.A","OBS_VALUE","Timor-Leste, Democratic Republic of","Population, Persons for countries / Index for country groups","Annual","Millions","","","","","","","","","","","","","","","","","","","","0.955","0.714","0.776","0.848","0.910","0.924","0.934","0.962","0.991","1.019","1.046","1.072","1.098","1.123","1.147","1.170","1.193","1.217","1.240","1.264","1.288","1.314","1.339","1.362","1.377","1.392","1.410","1.427","1.446","1.466","1.487","1.509"
"IMF.RES:WEO(9.0.0)","IND.PPPSH.A","OBS_VALUE","India","Gross domestic product (GDP), Purchasing power parity (PPP) international dollar, percent of world GDP, Percent, ICP benchmarks 2017-2021","Annual","Units","2.774","2.873","2.958","3.095","3.076","3.125","3.171","3.174","3.333","3.408","3.455","3.414","3.234","3.325","3.448","3.578","3.708","3.707","3.834","4.032","3.983","4.076","4.117","4.284","4.397","4.536","4.661","4.770","4.783","5.192","5.358","5.431","5.549","5.715","5.932","6.201","6.510","6.700","6.958","7.066","6.966","7.249","7.527","7.946","8.193","8.477","8.732","9.004","9.292","9.596","9.919"
"IMF.RES:WEO(9.0.0)","HKG.PPPSH.A","OBS_VALUE","Hong Kong Special Administrative Region, People's Republic of China","Gross domestic product (GDP), Purchasing power parity (PPP) international dollar, percent of world GDP, Percent, ICP benchmarks 2017-2021","Annual","Units","0.253","0.270","0.276","0.286","0.301","0.293","0.315","0.344","0.357","0.353","0.352","0.363","0.347","0.361","0.373","0.368","0.370","0.373","0.342","0.339","0.347","0.341","0.337","0.335","0.347","0.356","0.362","0.366","0.364","0.357","0.363","0.366","0.361","0.360","0.358","0.354","0.351","0.351","0.342","0.327","0.310","0.311","0.289","0.288","0.286","0.285","0.282","0.279","0.276","0.274","0.272"
"IMF.RES:WEO(9.0.0)","LKA.PPPSH.A","OBS_VALUE","Sri Lanka","Gross domestic product (GDP), Purchasing power parity (PPP) international dollar, percent of world GDP, Percent, ICP benchmarks 2017-2021","Annual","Units","0.128","0.132","0.138","0.139","0.142","0.144","0.145","0.142","0.140","0.138","0.141","0.152","0.132","0.140","0.147","0.150","0.162","0.172","0.165","0.164","0.169","0.162","0.163","0.167","0.167","0.170","0.174","0.176","0.182","0.190","0.195","0.204","0.214","0.216","0.222","0.224","0.228","0.234","0.232","0.219","0.202","0.202","0.181","0.171","0.173","","","","","",""
"IMF.RES:WEO(9.0.0)","HKG.NGDP_R.A","OBS_VALUE","Hong Kong Special Administrative Region, People's Republic of China","Gross domestic product (GDP), Constant prices, Domestic currency","Annual","Billions","578.117","631.262","649.483","688.548","757.419","762.834","847.539","961.071","1042.873","1066.620","1107.477","1170.625","1243.613","1320.731","1400.451","1433.695","1494.748","1570.977","1478.562","1515.626","1631.775","1640.927","1668.112","1719.095","1868.658","2006.718","2147.844","2286.698","2335.357","2277.927","2432.090","2549.188","2592.532","2672.940","2746.778","2812.365","2873.546","2982.629","3067.543","3016.240","2818.833","3000.773","2890.231","2983.408","3058.142","3132.700","3199.183","3264.076","3334.559","3412.853","3491.733"
"IMF.RES:WEO(9.0.0)","TWN.LP.A","OBS_VALUE","Taiwan Province of China","Population, Persons for countries / Index for country groups","Annual","Millions","17.866","18.194","18.516","18.791","19.069","19.314","19.509","19.725","19.954","20.157","20.401","20.606","20.803","20.995","21.178","21.357","21.525","21.743","21.929","22.092","22.277","22.406","22.521","22.605","22.689","22.770","22.877","22.958","23.037","23.120","23.162","23.225","23.316","23.374","23.434","23.492","23.540","23.571","23.589","23.603","23.561","23.375","23.265","23.420","23.400","23.380","23.360","23.340","23.320","23.299","23.279"
"IMF.RES:WEO(9.0.0)","LKA.NGDP_R.A","OBS_VALUE","Sri Lanka","Gross domestic product (GDP), Constant prices, Domestic currency","Annual","Billions","1902.736","2004.438","2109.327","2179.237","2325.787","2441.079","2545.588","2582.593","2652.281","2711.966","2879.390","3190.958","3090.922","3322.016","3588.965","3806.140","4269.047","4708.378","4630.887","4764.222","5165.256","5064.640","5253.379","5565.447","5868.489","6234.789","6712.890","7169.150","7595.721","7864.524","8494.944","9231.412","10028.284","10434.604","11100.121","11566.987","12151.541","12936.613","13235.457","13206.276","12595.551","13125.505","12160.886","11877.555","12472.470","","","","","",""
"IMF.RES:WEO(9.0.0)","HKG.LP.A","OBS_VALUE","Hong Kong Special Administrative Region, People's Republic of China","Population, Persons for countries / Index for country groups","Annual","Millions","5.060","5.180","5.260","5.350","5.431","5.500","5.566","5.615","5.672","5.727","5.752","5.815","5.888","5.998","6.119","6.270","6.467","6.517","6.583","6.638","6.712","6.730","6.726","6.764","6.798","6.838","6.904","6.938","6.964","6.996","7.052","7.110","7.171","7.211","7.253","7.310","7.378","7.415","7.488","7.521","7.427","7.402","7.473","7.528","7.501","7.533","7.570","7.612","7.658","7.704","7.750"
"IMF.RES:WEO(9.0.0)","IND.LP.A","OBS_VALUE","India","Population, Persons for countries / Index for country groups","Annual","Millions","687.354","703.696","720.313","737.373","754.875","772.648","790.690","808.931","827.343","846.040","864.972","883.928","902.957","922.118","941.164","960.301","979.678","999.134","1018.665","1038.226","1057.923","1077.899","1097.600","1116.803","1135.992","1154.676","1172.879","1190.676","1207.931","1225.525","1243.482","1261.225","1278.675","1295.830","1312.277","1328.024","1343.944","1359.657","1374.659","1389.030","1402.618","1414.204","1425.423","1438.070","1450.936","1463.866","1476.626","1489.165","1501.433","1513.424","1525.139"
"IMF.RES:WEO(9.0.0)","TLS.NGDP_R.A","OBS_VALUE","Timor-Leste, Democratic Republic of","Gross domestic product (GDP), Constant prices, Domestic currency","Annual","Billions","","","","","","","","","","","","","","","","","","","","","0.833","0.969","0.904","0.884","0.888","0.914","0.877","0.967","1.077","1.186","1.296","1.374","1.440","1.485","1.552","1.590","1.638","1.586","1.579","1.621","1.483","1.527","1.588","1.625","1.692","1.758","1.816","1.874","1.934","1.996","2.060"
"IMF.RES:WEO(9.0.0)","IDN.NGDP_R.A","OBS_VALUE","Indonesia","Gross domestic product (GDP), Constant prices, Domestic currency","Annual","Billions","1440888.441","1550458.931","1585289.144","1651759.800","1776867.700","1846265.100","1978985.200","2109045.700","2256236.900","2461207.400","2682768.000","2922294.600","3112907.000","3360564.700","3613950.000","3911022.100","4216785.600","4414970.100","3835427.900","3865772.200","4058235.600","4206096.200","4395348.400","4605462.300","4837157.200","5112516.000","5393753.000","5735987.800","6162847.000","6452609.800","6864133.100","7287635.300","7727083.400","8156497.800","8564866.600","8982517.100","9434613.400","9912928.100","10425851.900","10949155.400","10722999.300","11120059.700","11710223.200","12301475.100","12920281.700","13548400.603","14217985.077","14923276.286","15662932.827","16463473.284","17309308.401"
"IMF.RES:WEO(9.0.0)","KOR.LP.A","OBS_VALUE","Korea, Republic of","Population, Persons for countries / Index for country groups","Annual","Millions","38.124","38.723","39.326","39.910","40.406","40.806","41.214","41.622","42.031","42.449","42.869","43.296","43.748","44.195","44.642","45.093","45.525","45.954","46.287","46.617","47.008","47.370","47.645","47.892","48.083","48.185","48.438","48.684","49.055","49.308","49.554","49.937","50.200","50.429","50.747","51.015","51.218","51.362","51.585","51.765","51.836","51.770","51.673","51.713","51.751","51.681","51.611","51.531","51.461","51.381","51.311"
"IMF.RES:WEO(9.0.0)","KOR.NGDP_R.A","OBS_VALUE","Korea, Republic of","Gross domestic product (GDP), Constant prices, Domestic currency","Annual","Billions","188693.100","202663.500","219825.800","249429.200","275960.100","297867.800","332131.700","374950.700","420444.200","450569.100","495738.300","549649.600","584561.100","625449.600","684065.600","750665.500","810646.900","861573.300","819020.800","914168.600","998289.100","1045467.700","1126428.700","1161063.300","1221248.600","1274473.400","1341319.600","1419679.000","1462331.900","1474321.100","1577253.100","1635422.800","1677087.800","1732287.400","1787974.800","1840189.000","1898551.100","1963732.000","2026102.400","2072982.300","2058466.400","2153423.000","2212159.000","2247177.700","2292202.400","2312747.643","2355072.818","2405746.335","2458430.639","2506791.095","2555383.178"
"IMF.RES:WEO(9.0.0)","IND.NGDP_R.A","OBS_VALUE","India","Gross domestic product (GDP), Constant prices, Domestic currency","Annual","Billions","14643.900","15523.500","16063.000","17233.900","17892.300","18832.400","19732.000","20514.400","22489.500","23827.000","25145.500","25411.200","26804.400","28077.800","29947.500","32215.800","34648.000","36051.200","38280.700","41666.900","43267.400","45354.600","47079.800","50780.500","54803.800","59146.100","63913.800","68810.100","70934.000","76510.800","83012.400","87363.300","92130.200","98013.700","105276.700","113694.900","123081.900","131445.800","139929.100","145346.400","136948.700","150218.500","161649.100","176505.900","187969.600","200461.547","212808.937","226448.386","241125.012","256785.995","273487.800"
"IMF.RES:WEO(9.0.0)","TLS.PPPSH.A","OBS_VALUE","Timor-Leste, Democratic Republic of","Gross domestic product (GDP), Purchasing power parity (PPP) international dollar, percent of world GDP, Percent, ICP benchmarks 2017-2021","Annual","Units","","","","","","","","","","","","","","","","","","","","","0.003","0.004","0.003","0.003","0.003","0.003","0.003","0.003","0.003","0.003","0.004","0.004","0.004","0.004","0.004","0.004","0.004","0.003","0.003","0.004","0.006","0.006","0.004","0.004","0.003","0.003","0.003","0.003","0.003","0.003","0.003"
"IMF.RES:WEO(9.0.0)","IDN.PPPSH.A","OBS_VALUE","Indonesia","Gross domestic product (GDP), Purchasing power parity (PPP) international dollar, percent of world GDP, Percent, ICP benchmarks 2017-2021","Annual","Units","1.238","1.301","1.324","1.345","1.385","1.389","1.442","1.480","1.516","1.597","1.672","1.780","1.703","1.805","1.887","1.970","2.046","2.059","1.742","1.697","1.694","1.714","1.743","1.762","1.760","1.778","1.784","1.803","1.885","1.986","2.009","2.055","2.111","2.157","2.189","2.222","2.263","2.291","2.314","2.323","2.298","2.248","2.284","2.320","2.359","2.400","2.444","2.486","2.529","2.578","2.630"
"IMF.RES:WEO(9.0.0)","IDN.LP.A","OBS_VALUE","Indonesia","Population, Persons for countries / Index for country groups","Annual","Millions","147.490","150.406","153.379","156.410","159.502","162.655","165.870","169.149","172.492","175.902","179.379","182.354","185.378","188.452","191.578","194.755","197.004","199.280","201.581","203.909","206.265","209.206","212.190","215.216","218.285","221.398","224.555","227.758","231.006","234.300","237.641","241.991","245.425","248.818","252.165","255.182","258.497","261.356","264.162","266.912","270.204","272.679","275.720","278.696","281.604","284.439","287.198","289.880","292.481","294.998","297.431"
"IMF.RES:WEO(9.0.0)","MDV.LP.A","OBS_VALUE","Maldives","Population, Persons for countries / Index for country groups","Annual","Millions","0.152","0.158","0.163","0.169","0.175","0.182","0.189","0.193","0.198","0.204","0.212","0.222","0.228","0.234","0.240","0.245","0.250","0.255","0.261","0.266","0.270","0.276","0.281","0.285","0.289","0.294","0.299","0.305","0.310","0.315","0.320","0.325","0.331","0.336","0.342","0.348","0.354","0.360","0.366","0.372","0.378","0.384","0.391","0.397","0.404","0.411","0.418","0.425","0.432","0.439","0.446"
"IMF.RES:WEO(9.0.0)","NPL.LP.A","OBS_VALUE","Nepal","Population, Persons for countries / Index for country groups","Annual","Millions","15.574","15.936","16.311","16.694","17.084","17.478","17.868","18.251","18.639","19.058","19.525","20.037","20.610","21.180","21.717","22.245","22.742","23.219","23.680","24.125","24.547","24.947","25.329","25.689","26.017","26.309","26.565","26.788","26.990","27.173","27.342","27.464","27.535","27.590","27.672","27.824","27.955","28.011","28.080","28.414","28.967","29.475","29.715","29.695","29.651","29.645","29.623","29.605","29.586","29.568","29.549"
"IMF.RES:WEO(9.0.0)","PAK.NGDP_R.A","OBS_VALUE","Pakistan","Gross domestic product (GDP), Constant prices, Domestic currency","Annual","Billions","5677.624","6030.089","6486.085","6926.363","7201.552","7828.671","8326.809","8810.664","9377.733","9828.643","10279.651","10806.671","11624.621","11868.447","12386.926","13013.947","13872.751","14108.960","14601.916","15212.587","15807.077","16382.114","16811.857","17680.556","19040.336","20563.084","21727.753","22838.183","23853.320","24106.914","24652.816","25442.797","26256.028","27268.549","28238.304","29314.628","30508.205","31914.207","33859.620","34916.041","34586.665","36582.482","38843.260","38760.771","39733.593","40796.704","42256.362","43988.643","45968.140","48036.716","50198.377"
"IMF.RES:WEO(9.0.0)","MDV.PPPSH.A","OBS_VALUE","Maldives","Gross domestic product (GDP), Purchasing power parity (PPP) international dollar, percent of world GDP, Percent, ICP benchmarks 2017-2021","Annual","Units","0.002","0.003","0.003","0.003","0.003","0.003","0.004","0.004","0.004","0.004","0.004","0.004","0.004","0.004","0.004","0.004","0.005","0.005","0.005","0.005","0.005","0.005","0.005","0.006","0.006","0.005","0.006","0.006","0.006","0.006","0.006","0.006","0.006","0.006","0.007","0.007","0.007","0.007","0.008","0.008","0.005","0.006","0.007","0.007","0.007","0.007","0.007","0.007","0.007","0.007","0.007"
"IMF.RES:WEO(9.0.0)","PAK.LP.A","OBS_VALUE","Pakistan","Population, Persons for countries / Index for country groups","Annual","Millions","80.607","82.991","85.445","87.899","90.354","92.828","95.341","97.874","100.435","103.017","105.999","108.346","111.212","114.117","117.063","120.047","123.069","126.128","129.222","132.352","135.550","138.870","142.280","145.780","149.360","153.040","156.810","160.670","164.630","168.690","172.860","177.130","181.520","186.010","190.620","195.350","200.190","205.170","209.750","213.950","218.240","222.590","227.000","231.450","235.950","240.490","245.117","249.834","254.641","259.541","264.534"
"IMF.RES:WEO(9.0.0)","MYS.NGDP_R.A","OBS_VALUE","Malaysia","Gross domestic product (GDP), Constant prices, Domestic currency","Annual","Billions","163.494","174.844","185.231","196.808","212.085","210.227","212.650","224.109","246.381","268.702","292.905","320.870","349.383","383.957","419.324","460.542","506.606","543.727","503.715","534.598","580.951","583.958","615.440","651.066","695.226","729.820","770.576","819.115","858.696","845.697","909.361","957.498","1009.908","1057.310","1120.819","1176.941","1229.312","1300.769","1363.766","1423.952","1346.249","1390.882","1516.503","1570.142","1650.305","1724.569","1793.552","1865.294","1939.906","2017.502","2098.202"
"IMF.RES:WEO(9.0.0)","MAC.NGDP_R.A","OBS_VALUE","Macao Special Administrative Region, People's Republic of China","Gross domestic product (GDP), Constant prices, Domestic currency","Annual","Billions","","","","","","","","","","","","","","","","","","","","","","128.461","139.908","156.194","197.791","213.761","242.387","277.475","286.885","290.541","363.533","442.115","482.977","534.911","523.955","411.228","408.437","448.708","477.450","465.210","212.433","262.431","210.970","369.328","401.859","412.280","423.814","437.189","450.683","464.620","478.651"
"IMF.RES:WEO(9.0.0)","LAO.LP.A","OBS_VALUE","Lao People's Democratic Republic","Population, Persons for countries / Index for country groups","Annual","Millions","3.272","3.335","3.412","3.500","3.595","3.694","3.798","3.906","4.018","4.133","4.289","4.416","4.545","4.675","4.801","4.923","5.039","5.151","5.247","5.340","5.431","5.520","5.606","5.689","5.768","5.853","5.947","6.041","6.136","6.230","6.323","6.416","6.509","6.601","6.691","6.787","6.891","6.998","7.105","7.212","7.319","7.425","7.477","7.582","7.686","7.788","7.889","7.988","8.086","8.182","8.276"
"IMF.RES:WEO(9.0.0)","MAC.LP.A","OBS_VALUE","Macao Special Administrative Region, People's Republic of China","Population, Persons for countries / Index for country groups","Annual","Millions","","","","","","","","","","","","","","","","","","","","","","0.436","0.441","0.447","0.463","0.484","0.513","0.538","0.549","0.542","0.552","0.557","0.582","0.608","0.636","0.647","0.645","0.653","0.667","0.680","0.683","0.683","0.673","0.684","0.688","0.699","0.709","0.717","0.723","0.728","0.733"
"IMF.RES:WEO(9.0.0)","LAO.NGDP_R.A","OBS_VALUE","Lao People's Democratic Republic","Gross domestic product (GDP), Constant prices, Domestic currency","Annual","Billions","11305.050","13038.325","13653.042","14062.668","14968.075","16333.403","17122.141","16957.820","16601.706","18244.087","19463.960","20242.264","21659.096","22929.797","24800.903","26548.117","28377.926","30337.982","31636.235","32910.539","35026.266","36697.758","39196.339","41618.352","44609.376","47705.195","51976.501","56057.405","60442.394","64898.804","70102.553","75701.259","81610.000","88160.000","94871.000","101768.000","108915.000","116421.600","123695.630","129449.941","128886.948","131543.805","134506.364","139426.426","145420.325","150490.570","154259.343","158110.469","162021.107","166005.498","170085.295"
"IMF.RES:WEO(9.0.0)","MYS.PPPSH.A","OBS_VALUE","Malaysia","Gross domestic product (GDP), Purchasing power parity (PPP) international dollar, percent of world GDP, Percent, ICP benchmarks 2017-2021","Annual","Units","0.320","0.335","0.353","0.365","0.377","0.361","0.353","0.358","0.377","0.397","0.416","0.446","0.436","0.470","0.499","0.529","0.560","0.578","0.521","0.535","0.553","0.542","0.556","0.568","0.577","0.579","0.581","0.587","0.599","0.593","0.607","0.615","0.629","0.637","0.653","0.664","0.672","0.685","0.689","0.688","0.664","0.651","0.685","0.686","0.698","0.707","0.714","0.719","0.725","0.731","0.738"
"IMF.RES:WEO(9.0.0)","KOR.PPPSH.A","OBS_VALUE","Korea, Republic of","Gross domestic product (GDP), Purchasing power parity (PPP) international dollar, percent of world GDP, Percent, ICP benchmarks 2017-2021","Annual","Units","0.635","0.666","0.719","0.795","0.842","0.878","0.948","1.030","1.106","1.145","1.210","1.311","1.252","1.315","1.399","1.481","1.541","1.573","1.457","1.571","1.632","1.668","1.749","1.740","1.740","1.736","1.737","1.748","1.751","1.777","1.808","1.806","1.794","1.794","1.789","1.782","1.783","1.778","1.770","1.713","1.770","1.710","1.695","1.665","1.644","1.610","1.590","1.574","1.559","1.542","1.525"
"IMF.RES:WEO(9.0.0)","MAC.PPPSH.A","OBS_VALUE","Macao Special Administrative Region, People's Republic of China","Gross domestic product (GDP), Purchasing power parity (PPP) international dollar, percent of world GDP, Percent, ICP benchmarks 2017-2021","Annual","Units","","","","","","","","","","","","","","","","","","","","","","0.032","0.034","0.036","0.044","0.045","0.049","0.053","0.053","0.054","0.065","0.076","0.080","0.086","0.081","0.062","0.059","0.063","0.064","0.060","0.028","0.032","0.025","0.042","0.045","0.044","0.044","0.044","0.044","0.044","0.044"
"IMF.RES:WEO(9.0.0)","MYS.LP.A","OBS_VALUE","Malaysia","Population, Persons for countries / Index for country groups","Annual","Millions","13.885","14.229","14.592","14.955","15.328","15.823","16.257","16.681","17.094","17.508","18.267","18.547","19.068","19.602","20.142","20.682","21.223","21.769","22.334","22.910","23.495","24.123","24.727","25.320","25.905","26.477","26.832","27.100","27.600","28.082","28.589","29.062","29.510","30.214","30.709","31.186","31.634","32.023","32.382","32.523","32.447","32.576","32.652","33.059","33.460","33.852","34.234","34.606","34.968","35.319","35.659"
"IMF.RES:WEO(9.0.0)","LAO.PPPSH.A","OBS_VALUE","Lao People's Democratic Republic","Gross domestic product (GDP), Purchasing power parity (PPP) international dollar, percent of world GDP, Percent, ICP benchmarks 2017-2021","Annual","Units","0.014","0.016","0.017","0.017","0.017","0.018","0.019","0.018","0.017","0.018","0.018","0.018","0.018","0.018","0.019","0.020","0.021","0.021","0.021","0.022","0.022","0.022","0.023","0.024","0.024","0.025","0.026","0.026","0.028","0.030","0.031","0.032","0.033","0.035","0.036","0.038","0.039","0.040","0.040","0.040","0.040","0.038","0.037","0.038","0.038","0.038","0.038","0.038","0.037","0.037","0.037"
"IMF.RES:WEO(9.0.0)","PLW.LP.A","OBS_VALUE","Palau, Republic of","Population, Persons for countries / Index for country groups","Annual","Millions","","","","","","","","","","","","","","","","","","","","","0.019","0.019","0.019","0.020","0.020","0.020","0.020","0.019","0.019","0.018","0.018","0.018","0.017","0.018","0.018","0.018","0.018","0.018","0.018","0.018","0.018","0.018","0.018","0.018","0.018","0.018","0.017","0.017","0.017","0.017","0.017"
"IMF.RES:WEO(9.0.0)","PAK.PPPSH.A","OBS_VALUE","Pakistan","Gross domestic product (GDP), Purchasing power parity (PPP) international dollar, percent of world GDP, Percent, ICP benchmarks 2017-2021","Annual","Units","0.567","0.588","0.630","0.656","0.653","0.685","0.705","0.719","0.733","0.741","0.745","0.765","0.739","0.741","0.752","0.762","0.783","0.765","0.771","0.776","0.767","0.776","0.775","0.786","0.805","0.831","0.835","0.835","0.848","0.862","0.839","0.834","0.834","0.838","0.839","0.843","0.851","0.858","0.852","0.827","0.846","0.818","0.839","0.809","0.803","0.800","0.804","0.811","0.821","0.832","0.844"
"IMF.RES:WEO(9.0.0)","NPL.PPPSH.A","OBS_VALUE","Nepal","Gross domestic product (GDP), Purchasing power parity (PPP) international dollar, percent of world GDP, Percent, ICP benchmarks 2017-2021","Annual","Units","0.058","0.062","0.064","0.060","0.063","0.065","0.065","0.064","0.066","0.067","0.067","0.070","0.065","0.066","0.070","0.070","0.071","0.072","0.072","0.072","0.073","0.075","0.073","0.074","0.073","0.073","0.071","0.070","0.072","0.076","0.076","0.076","0.077","0.077","0.079","0.079","0.077","0.081","0.084","0.086","0.087","0.085","0.087","0.086","0.086","0.087","0.089","0.090","0.092","0.094","0.096"
"IMF.RES:WEO(9.0.0)","NPL.NGDP_R.A","OBS_VALUE","Nepal","Gross domestic product (GDP), Constant prices, Domestic currency","Annual","Billions","393.765","426.610","442.737","429.552","471.138","500.089","522.922","531.810","572.742","597.528","625.224","665.029","692.349","718.981","778.076","805.063","848.035","892.649","918.916","960.110","1018.833","1076.179","1077.472","1119.979","1172.424","1213.213","1254.033","1296.816","1375.981","1438.356","1507.633","1559.222","1632.040","1689.572","1791.141","1862.357","1870.424","2038.337","2193.706","2339.743","2284.300","2394.818","2529.677","2579.829","2674.390","2789.787","2933.787","3081.601","3235.387","3396.914","3566.939"
"IMF.RES:WEO(9.0.0)","MDV.NGDP_R.A","OBS_VALUE","Maldives","Gross domestic product (GDP), Constant prices, Domestic currency","Annual","Billions","6.769","7.303","7.848","8.194","9.618","10.946","11.887","12.941","14.069","15.377","14.754","15.772","16.792","17.701","19.030","20.434","22.290","24.609","27.018","28.972","30.345","30.785","32.662","37.284","39.533","35.096","43.381","46.471","50.644","46.513","49.692","53.952","55.228","59.073","63.682","66.211","70.562","75.540","82.088","88.079","59.093","81.258","92.493","97.013","100.200","104.995","109.720","114.205","118.785","123.545","128.545"
"IMF.RES:WEO(9.0.0)","THA.PPPSH.A","OBS_VALUE","Thailand","Gross domestic product (GDP), Purchasing power parity (PPP) international dollar, percent of world GDP, Percent, ICP benchmarks 2017-2021","Annual","Units","0.573","0.593","0.622","0.640","0.648","0.655","0.669","0.705","0.765","0.829","0.889","0.942","0.924","0.986","1.035","1.080","1.099","1.027","0.924","0.934","0.928","0.937","0.968","1.001","1.011","1.007","1.005","1.008","0.997","0.996","1.019","0.990","1.028","1.022","0.998","0.996","0.999","1.003","1.016","1.016","0.979","0.925","0.916","0.903","0.896","0.887","0.875","0.866","0.859","0.853","0.849"
"IMF.RES:WEO(9.0.0)","DJI.PPPSH.A","OBS_VALUE","Djibouti","Gross domestic product (GDP), Purchasing power parity (PPP) international dollar, percent of world GDP, Percent, ICP benchmarks 2017-2021","Annual","Units","","","","","","","","","","","","0.005","0.005","0.005","0.004","0.004","0.004","0.004","0.003","0.003","0.003","0.003","0.003","0.003","0.003","0.003","0.003","0.003","0.003","0.003","0.003","0.003","0.003","0.003","0.004","0.004","0.004","0.004","0.004","0.004","0.004","0.004","0.004","0.004","0.005","0.005","0.005","0.005","0.005","0.005","0.005"
"IMF.RES:WEO(9.0.0)","G603.PPPSH.A","OBS_VALUE","Sub-Saharan Africa (SSA)","Gross domestic product (GDP), Purchasing power parity (PPP) international dollar, percent of world GDP, Percent, ICP benchmarks 2017-2021","Annual","Units","2.597","2.617","2.618","2.552","2.529","2.469","2.461","2.432","2.417","2.393","3.182","3.107","2.791","2.777","2.740","2.739","2.759","2.736","2.830","2.791","2.757","2.813","2.912","2.942","2.992","3.038","3.060","3.099","3.180","3.324","3.392","3.437","3.493","3.543","3.595","3.587","3.517","3.480","3.426","3.476","3.517","3.450","3.475","3.484","3.510","3.545","3.589","3.633","3.679","3.731","3.786"
"IMF.RES:WEO(9.0.0)","THA.NGDP_R.A","OBS_VALUE","Thailand","Gross domestic product (GDP), Constant prices, Domestic currency","Annual","Billions","1577.940","1671.197","1760.654","1858.919","1965.992","2057.271","2171.117","2377.785","2693.747","3022.212","3373.479","3656.940","3994.472","4341.027","4688.180","5068.875","5355.365","5207.901","4810.328","5030.271","5254.382","5435.356","5769.577","6184.367","6573.323","6848.590","7188.815","7579.538","7710.338","7657.089","8232.396","8301.559","8902.824","9142.087","9232.088","9521.426","9848.502","10259.941","10693.205","10919.319","10258.696","10416.856","10690.556","10905.353","11182.357","11406.004","11588.500","11842.306","12115.473","12412.785","12721.286"
"IMF.RES:WEO(9.0.0)","THA.LP.A","OBS_VALUE","Thailand","Population, Persons for countries / Index for country groups","Annual","Millions","47.374","48.326","49.256","50.174","51.095","52.027","52.980","53.946","54.892","55.772","56.558","57.232","57.811","58.338","58.875","59.467","60.130","60.847","61.585","62.299","62.953","63.539","64.069","64.550","64.995","65.416","65.813","66.182","66.531","66.867","67.195","67.518","67.836","68.145","68.439","68.715","68.971","69.210","69.428","69.626","69.800","69.951","70.078","70.183","70.266","70.329","70.372","70.394","70.397","70.400","70.400"
"IMF.RES:WEO(9.0.0)","PHL.PPPSH.A","OBS_VALUE","Philippines","Gross domestic product (GDP), Purchasing power parity (PPP) international dollar, percent of world GDP, Percent, ICP benchmarks 2017-2021","Annual","Units","0.646","0.653","0.674","0.669","0.594","0.531","0.532","0.534","0.546","0.560","0.554","0.540","0.487","0.488","0.495","0.500","0.510","0.515","0.499","0.499","0.495","0.498","0.503","0.510","0.516","0.518","0.519","0.525","0.533","0.544","0.556","0.556","0.576","0.595","0.612","0.629","0.654","0.674","0.690","0.703","0.658","0.638","0.662","0.676","0.691","0.707","0.726","0.745","0.766","0.787","0.810"
"IMF.RES:WEO(9.0.0)","SGP.LP.A","OBS_VALUE","Singapore","Population, Persons for countries / Index for country groups","Annual","Millions","2.414","2.533","2.646","2.681","2.732","2.736","2.733","2.775","2.846","2.931","3.047","3.135","3.231","3.313","3.419","3.525","3.671","3.796","3.927","3.959","4.028","4.138","4.176","4.115","4.167","4.266","4.401","4.589","4.839","4.988","5.077","5.184","5.312","5.399","5.470","5.535","5.607","5.612","5.639","5.704","5.686","5.454","5.637","5.918","6.037","6.077","6.121","6.169","6.221","6.265","6.314"
"IMF.RES:WEO(9.0.0)","PLW.NGDP_R.A","OBS_VALUE","Palau, Republic of","Gross domestic product (GDP), Constant prices, Domestic currency","Annual","Billions","","","","","","","","","","","","","","","","","","","","","0.238","0.255","0.267","0.262","0.271","0.279","0.279","0.281","0.265","0.249","0.242","0.252","0.258","0.254","0.265","0.287","0.292","0.282","0.281","0.282","0.265","0.233","0.232","0.235","0.263","0.275","0.284","0.292","0.300","0.306","0.313"
"IMF.RES:WEO(9.0.0)","SGP.PPPSH.A","OBS_VALUE","Singapore","Gross domestic product (GDP), Purchasing power parity (PPP) international dollar, percent of world GDP, Percent, ICP benchmarks 2017-2021","Annual","Units","0.162","0.175","0.186","0.197","0.206","0.197","0.193","0.206","0.220","0.234","0.247","0.257","0.246","0.270","0.291","0.301","0.312","0.325","0.309","0.316","0.328","0.316","0.320","0.323","0.337","0.346","0.359","0.372","0.369","0.371","0.405","0.414","0.419","0.425","0.427","0.425","0.428","0.431","0.442","0.427","0.412","0.461","0.463","0.455","0.460","0.457","0.451","0.448","0.445","0.442","0.440"
"IMF.RES:WEO(9.0.0)","SGP.NGDP_R.A","OBS_VALUE","Singapore","Gross domestic product (GDP), Constant prices, Domestic currency","Annual","Billions","46.310","51.318","54.963","59.665","64.911","64.507","65.373","72.432","80.590","88.777","97.496","104.017","110.923","123.635","137.353","147.208","158.207","171.364","167.609","177.193","193.209","191.140","198.639","207.673","228.316","245.135","267.213","291.320","296.749","297.128","340.271","361.418","377.449","395.633","411.203","423.444","439.313","458.981","474.825","481.035","462.685","507.829","528.690","538.320","561.941","574.453","584.927","599.478","614.620","629.895","645.688"
"IMF.RES:WEO(9.0.0)","PHL.NGDP_R.A","OBS_VALUE","Philippines","Gross domestic product (GDP), Constant prices, Domestic currency","Annual","Billions","4433.192","4584.953","4750.897","4839.958","4485.495","4157.757","4299.819","4485.211","4788.077","5085.192","5239.628","5216.764","5238.551","5352.851","5586.965","5845.375","6187.936","6508.866","6475.405","6692.100","6985.384","7198.382","7465.894","7845.677","8361.078","8774.324","9240.804","9843.239","10270.878","10419.632","11183.860","11615.360","12416.467","13254.644","14096.047","14990.907","16062.676","17175.979","18265.192","19382.751","17537.842","18540.082","19945.604","21046.394","22244.356","23453.356","24797.425","26283.493","27861.280","29536.527","31315.332"
"IMF.RES:WEO(9.0.0)","PHL.LP.A","OBS_VALUE","Philippines","Population, Persons for countries / Index for country groups","Annual","Millions","47.880","49.089","50.318","51.586","52.864","54.172","55.490","56.877","58.165","59.553","60.940","62.360","63.820","65.320","66.840","68.410","71.900","73.530","75.360","76.990","76.950","78.610","80.270","81.910","83.550","85.170","86.790","88.390","89.980","91.560","93.140","94.700","96.250","97.790","99.310","100.830","102.530","104.170","105.760","107.290","109.200","110.080","110.940","111.910","113.170","114.374","115.590","116.820","118.062","119.318","120.587"
"IMF.RES:WEO(9.0.0)","BWA.NGDP_R.A","OBS_VALUE","Botswana","Gross domestic product (GDP), Constant prices, Domestic currency","Annual","Billions","23.636","25.563","29.621","32.818","34.957","37.647","40.890","46.979","57.981","60.686","66.018","70.136","69.990","72.808","72.236","78.342","80.274","85.978","84.584","91.380","95.283","97.520","104.770","110.414","111.957","117.524","124.616","131.834","136.121","116.868","128.698","137.499","137.264","152.504","161.192","153.373","164.418","171.181","178.353","183.762","167.726","187.706","198.004","204.356","198.246","196.508","201.005","210.238","220.747","231.551","243.001"
"IMF.RES:WEO(9.0.0)","BWA.PPPSH.A","OBS_VALUE","Botswana","Gross domestic product (GDP), Purchasing power parity (PPP) international dollar, percent of world GDP, Percent, ICP benchmarks 2017-2021","Annual","Units","0.015","0.015","0.018","0.019","0.020","0.020","0.021","0.024","0.028","0.028","0.030","0.031","0.028","0.028","0.027","0.028","0.028","0.029","0.028","0.029","0.029","0.029","0.030","0.030","0.029","0.029","0.030","0.030","0.030","0.026","0.027","0.028","0.027","0.029","0.030","0.027","0.028","0.029","0.027","0.026","0.026","0.027","0.028","0.028","0.026","0.025","0.025","0.025","0.026","0.026","0.027"
"IMF.RES:WEO(9.0.0)","DZA.NGDP_R.A","OBS_VALUE","Algeria","Gross domestic product (GDP), Constant prices, Domestic currency","Annual","Billions","2817.799","2902.333","3088.082","3254.838","3437.109","3629.587","3622.328","3596.972","3528.630","3698.004","3727.588","3682.857","3741.782","3663.112","3630.144","3769.821","3913.074","3956.118","4157.880","4290.932","4453.987","4587.607","4835.338","5149.635","5381.368","5671.962","5836.449","6017.379","6167.813","6241.827","6541.435","6737.678","6899.382","7078.766","7368.996","7604.803","7901.391","8019.912","8132.190","8205.380","7795.111","8091.325","8382.613","8726.300","9049.173","9352.958","9620.513","9885.021","10155.718","10409.054","10667.592"
"IMF.RES:WEO(9.0.0)","AGO.PPPSH.A","OBS_VALUE","Angola","Gross domestic product (GDP), Purchasing power parity (PPP) international dollar, percent of world GDP, Percent, ICP benchmarks 2017-2021","Annual","Units","0.095","0.088","0.088","0.089","0.091","0.091","0.090","0.090","0.092","0.089","0.082","0.090","0.090","0.098","0.106","0.112","0.120","0.124","0.127","0.125","0.123","0.125","0.138","0.138","0.146","0.159","0.169","0.182","0.196","0.201","0.201","0.201","0.211","0.215","0.217","0.212","0.202","0.194","0.195","0.197","0.187","0.195","0.196","0.192","0.194","0.192","0.190","0.189","0.188","0.188","0.188"
"IMF.RES:WEO(9.0.0)","G603.BX.A","OBS_VALUE","Sub-Saharan Africa (SSA)","Exports of goods and services, US dollar","Annual","Billions","","","","","","52.279","47.683","58.758","59.980","61.810","74.204","71.058","72.844","70.798","72.353","85.274","96.718","97.006","86.245","91.447","106.724","106.919","111.868","140.689","181.147","234.452","269.529","321.090","391.309","302.006","390.084","490.139","476.078","477.466","452.405","343.996","319.783","371.795","424.895","416.565","335.737","446.200","524.952","494.072","514.022","551.935","588.063","","","",""
"IMF.RES:WEO(9.0.0)","VNM.NGDP_R.A","OBS_VALUE","Vietnam","Gross domestic product (GDP), Constant prices, Domestic currency","Annual","Billions","385896.349","408267.677","441542.633","472861.457","512568.882","541372.678","559547.118","573809.292","603073.660","650113.995","682928.381","722599.581","785464.927","848915.043","923905.307","1012050.305","1106576.022","1196780.652","1265773.144","1326195.911","1416209.068","1513855.282","1621040.942","1740044.415","1875584.209","2017139.347","2157894.824","2311741.795","2442627.688","2574477.591","2739843.170","2915553.940","3076041.910","3246870.230","3455392.130","3696825.710","3944143.680","4217874.760","4532739.400","4866315.600","5005755.650","5133589.060","5571869.250","5854085.760","6269209.960","6674040.432","7047424.635","7453356.294","7870744.247","8287893.692","8727152.057"
"IMF.RES:WEO(9.0.0)","DJI.LP.A","OBS_VALUE","Djibouti","Population, Persons for countries / Index for country groups","Annual","Millions","","","","","","","","","","","0.590","0.607","0.615","0.619","0.622","0.630","0.644","0.661","0.680","0.700","0.718","0.733","0.747","0.760","0.772","0.783","0.795","0.805","0.816","0.828","0.840","0.854","0.868","0.883","0.899","0.914","0.929","0.944","0.959","0.974","0.988","1.002","1.016","1.030","1.043","1.056","1.069","1.081","1.093","1.106","1.117"
"IMF.RES:WEO(9.0.0)","VNM.PPPSH.A","OBS_VALUE","Vietnam","Gross domestic product (GDP), Purchasing power parity (PPP) international dollar, percent of world GDP, Percent, ICP benchmarks 2017-2021","Annual","Units","0.238","0.246","0.265","0.276","0.287","0.292","0.293","0.289","0.291","0.303","0.305","0.316","0.308","0.327","0.346","0.366","0.385","0.401","0.413","0.418","0.424","0.443","0.462","0.478","0.490","0.504","0.512","0.522","0.536","0.569","0.576","0.590","0.603","0.616","0.634","0.656","0.679","0.700","0.726","0.762","0.812","0.759","0.795","0.808","0.837","0.865","0.886","0.908","0.929","0.949","0.970"
"IMF.RES:WEO(9.0.0)","VNM.LP.A","OBS_VALUE","Vietnam","Population, Persons for countries / Index for country groups","Annual","Millions","54.180","55.310","56.400","57.470","58.570","59.710","60.920","62.300","63.500","64.774","67.513","68.766","70.002","71.223","72.430","73.627","74.815","75.991","77.167","78.333","79.395","80.469","81.534","82.302","83.063","83.833","84.618","85.420","86.243","87.092","87.968","87.860","88.809","89.760","90.729","91.713","92.695","93.672","94.666","96.484","97.583","98.506","99.462","100.309","101.300","102.161","102.937","103.615","104.243","104.862","105.430"
"IMF.RES:WEO(9.0.0)","G603.BM.A","OBS_VALUE","Sub-Saharan Africa (SSA)","Imports of goods and services, US dollar","Annual","Billions","","","","","","45.988","45.547","52.101","58.190","58.788","68.260","71.801","74.101","72.848","77.287","93.851","96.760","102.817","101.000","96.170","98.315","104.844","111.278","137.395","168.809","209.344","244.262","304.101","379.710","327.915","392.338","480.037","490.021","498.759","516.105","446.368","386.006","410.422","465.451","481.567","401.849","471.002","566.593","551.747","554.677","592.051","630.389","","","",""
"IMF.RES:WEO(9.0.0)","DJI.NGDP_R.A","OBS_VALUE","Djibouti","Gross domestic product (GDP), Constant prices, Domestic currency","Annual","Billions","","","","","","","","","","","257.993","246.495","247.880","231.147","228.003","220.066","211.852","209.277","209.515","215.632","217.170","221.064","228.213","235.485","242.028","249.558","261.599","274.723","290.672","295.370","307.620","330.054","346.036","363.340","389.475","417.942","447.713","472.150","494.692","522.123","528.400","551.687","580.190","622.962","663.534","703.398","745.602","790.339","833.807","879.667","928.048"
"IMF.RES:WEO(9.0.0)","CMR.PPPSH.A","OBS_VALUE","Cameroon","Gross domestic product (GDP), Purchasing power parity (PPP) international dollar, percent of world GDP, Percent, ICP benchmarks 2017-2021","Annual","Units","0.087","0.100","0.107","0.111","0.115","0.120","0.124","0.116","0.103","0.097","0.088","0.083","0.072","0.068","0.065","0.065","0.065","0.066","0.068","0.068","0.067","0.067","0.069","0.070","0.071","0.068","0.067","0.067","0.067","0.069","0.067","0.067","0.068","0.069","0.071","0.072","0.073","0.073","0.075","0.077","0.082","0.082","0.082","0.082","0.082","0.083","0.084","0.085","0.086","0.087","0.088"
"IMF.RES:WEO(9.0.0)","CPV.NGDP_R.A","OBS_VALUE","Cabo Verde","Gross domestic product (GDP), Constant prices, Domestic currency","Annual","Billions","28.011","30.378","31.237","34.211","35.505","38.573","39.681","41.391","43.873","46.373","46.694","47.349","48.791","52.358","55.986","60.180","64.208","69.113","74.928","83.814","89.905","95.423","100.481","108.019","113.341","119.926","130.861","150.752","161.363","158.937","161.856","168.208","170.031","171.106","172.298","173.911","181.355","189.609","196.638","210.300","166.547","178.261","206.504","216.405","232.081","244.117","255.923","268.334","280.973","294.195","307.318"
"IMF.RES:WEO(9.0.0)","AGO.NGDP_R.A","OBS_VALUE","Angola","Gross domestic product (GDP), Constant prices, Domestic currency","Annual","Billions","2033.967","1944.473","1944.473","2026.140","2147.709","2222.879","2287.342","2380.729","2526.641","2527.692","2440.485","2735.381","3047.287","3381.550","3736.974","4124.258","4586.493","4920.127","5150.938","5263.305","5424.079","5652.216","6424.630","6648.849","7408.148","8456.401","9457.639","10687.132","11840.273","12077.079","12715.956","13172.459","14292.118","14989.573","15688.088","15807.317","15538.593","15516.839","15425.289","15394.439","14772.503","15082.726","15719.217","15917.802","16621.999","16969.416","17322.121","17756.187","18264.099","18806.681","19386.623"
"IMF.RES:WEO(9.0.0)","BWA.LP.A","OBS_VALUE","Botswana","Population, Persons for countries / Index for country groups","Annual","Millions","0.963","0.981","1.017","1.055","1.093","1.134","1.176","1.219","1.263","1.309","1.358","1.399","1.439","1.480","1.519","1.558","1.595","1.631","1.666","1.698","1.727","1.762","1.795","1.827","1.859","1.893","1.929","1.967","2.007","2.049","2.092","2.134","2.175","2.217","2.260","2.305","2.352","2.402","2.451","2.500","2.546","2.588","2.630","2.675","2.720","2.763","2.806","2.849","2.890","2.932","2.973"
"IMF.RES:WEO(9.0.0)","DZA.LP.A","OBS_VALUE","Algeria","Population, Persons for countries / Index for country groups","Annual","Millions","18.666","19.246","19.864","20.516","21.175","22.200","22.800","23.400","24.100","24.700","25.022","25.643","26.271","26.894","27.496","28.060","28.566","29.045","29.507","29.965","30.506","30.954","31.414","31.885","32.366","32.855","33.351","33.858","34.591","35.268","35.978","36.717","37.495","38.297","39.114","39.963","40.836","41.721","42.578","43.424","43.851","44.577","45.291","45.973","46.626","47.251","47.851","48.425","49.006","49.594","50.685"
"IMF.RES:WEO(9.0.0)","AGO.LP.A","OBS_VALUE","Angola","Population, Persons for countries / Index for country groups","Annual","Millions","8.272","8.495","8.720","8.948","9.185","10.350","10.646","10.918","11.214","11.521","11.829","12.229","12.633","13.038","13.462","13.912","14.383","14.871","15.367","15.871","16.394","16.942","17.516","18.124","18.771","19.451","20.162","20.910","21.692","22.508","23.364","24.259","25.188","26.147","27.128","28.128","29.155","30.209","31.274","32.354","33.428","34.504","35.589","36.684","37.968","39.297","40.672","42.096","43.569","45.094","46.673"
"IMF.RES:WEO(9.0.0)","DZA.PPPSH.A","OBS_VALUE","Algeria","Gross domestic product (GDP), Purchasing power parity (PPP) international dollar, percent of world GDP, Percent, ICP benchmarks 2017-2021","Annual","Units","0.589","0.593","0.628","0.645","0.652","0.665","0.642","0.614","0.577","0.584","0.565","0.546","0.498","0.479","0.461","0.462","0.462","0.449","0.460","0.458","0.453","0.455","0.467","0.479","0.476","0.480","0.470","0.460","0.459","0.467","0.466","0.462","0.459","0.455","0.458","0.458","0.461","0.451","0.440","0.428","0.398","0.413","0.413","0.416","0.417","0.419","0.418","0.416","0.414","0.412","0.409"
"IMF.RES:WEO(9.0.0)","TCD.PPPSH.A","OBS_VALUE","Chad","Gross domestic product (GDP), Purchasing power parity (PPP) international dollar, percent of world GDP, Percent, ICP benchmarks 2017-2021","Annual","Units","0.017","0.015","0.016","0.018","0.018","0.019","0.019","0.019","0.020","0.019","0.019","0.021","0.019","0.018","0.019","0.018","0.018","0.018","0.019","0.018","0.017","0.018","0.019","0.021","0.027","0.028","0.026","0.026","0.026","0.026","0.028","0.029","0.030","0.030","0.030","0.030","0.028","0.026","0.027","0.028","0.027","0.028","0.028","0.028","0.029","0.029","0.029","0.029","0.029","0.029","0.030"
"IMF.RES:WEO(9.0.0)","TCD.LP.A","OBS_VALUE","Chad","Population, Persons for countries / Index for country groups","Annual","Millions","4.514","4.613","4.718","4.832","4.958","5.095","5.247","5.413","5.590","5.774","5.963","6.157","6.357","6.564","6.781","7.010","7.251","7.503","7.770","8.054","8.356","8.678","9.019","9.374","9.735","10.097","10.457","10.818","11.184","11.560","11.952","12.361","12.785","13.220","13.664","14.111","14.562","15.017","15.478","15.947","16.426","16.915","17.414","17.921","18.437","18.961","19.491","20.030","20.576","21.129","21.690"
"IMF.RES:WEO(9.0.0)","CMR.NGDP_R.A","OBS_VALUE","Cameroon","Gross domestic product (GDP), Constant prices, Domestic currency","Annual","Billions","6688.090","7828.451","8420.547","8996.869","9668.725","10452.594","11162.439","10922.145","10063.148","9885.060","9276.030","8926.876","8654.593","8381.272","8172.160","8442.202","8856.878","9327.547","9784.164","10181.624","10524.001","10877.151","11404.415","11973.962","12759.578","12914.958","13370.119","13918.296","14316.021","14690.972","15122.144","15649.002","16354.521","17170.168","18162.471","19179.517","20038.567","20748.167","21582.617","22321.141","22441.539","23123.524","23987.629","24766.768","25623.410","26595.989","27679.802","28878.297","30183.499","31555.564","33012.388"
"IMF.RES:WEO(9.0.0)","CAF.LP.A","OBS_VALUE","Central African Republic","Population, Persons for countries / Index for country groups","Annual","Millions","2.205","2.271","2.329","2.386","2.443","2.510","2.597","2.651","2.687","2.741","2.827","2.917","3.010","3.108","3.208","3.308","3.388","3.484","3.579","3.678","3.781","3.886","3.953","4.059","4.147","4.239","4.339","4.416","4.509","4.609","4.449","4.537","4.593","4.628","4.656","4.590","4.669","4.759","4.828","4.929","4.961","5.093","5.131","5.065","5.331","5.513","5.699","5.888","6.082","6.280","6.478"
"IMF.RES:WEO(9.0.0)","CPV.PPPSH.A","OBS_VALUE","Cabo Verde","Gross domestic product (GDP), Purchasing power parity (PPP) international dollar, percent of world GDP, Percent, ICP benchmarks 2017-2021","Annual","Units","0.002","0.002","0.002","0.002","0.002","0.002","0.002","0.002","0.002","0.002","0.002","0.002","0.002","0.002","0.002","0.002","0.002","0.002","0.003","0.003","0.003","0.003","0.003","0.003","0.003","0.003","0.003","0.004","0.004","0.004","0.004","0.004","0.003","0.003","0.003","0.003","0.003","0.003","0.003","0.003","0.003","0.003","0.003","0.003","0.003","0.003","0.003","0.003","0.003","0.003","0.003"
"IMF.RES:WEO(9.0.0)","CMR.LP.A","OBS_VALUE","Cameroon","Population, Persons for countries / Index for country groups","Annual","Millions","8.466","8.712","8.958","9.203","9.450","9.702","9.970","10.254","10.554","10.874","11.213","11.558","11.911","12.270","12.636","12.989","13.353","13.727","14.111","14.506","14.913","15.309","15.726","16.160","16.610","17.075","17.550","18.050","18.574","19.114","19.668","20.232","20.810","21.402","22.060","22.763","23.454","24.129","24.806","25.506","26.211","26.916","27.633","28.373","29.124","29.879","30.759","31.657","32.573","33.508","34.461"
"IMF.RES:WEO(9.0.0)","CPV.LP.A","OBS_VALUE","Cabo Verde","Population, Persons for countries / Index for country groups","Annual","Millions","0.275","0.279","0.285","0.290","0.297","0.303","0.309","0.316","0.322","0.329","0.337","0.345","0.353","0.362","0.361","0.370","0.379","0.388","0.397","0.405","0.414","0.422","0.430","0.438","0.445","0.451","0.457","0.463","0.468","0.473","0.478","0.481","0.483","0.486","0.489","0.491","0.493","0.496","0.498","0.500","0.502","0.504","0.507","0.509","0.512","0.514","0.517","0.520","0.523","0.526","0.529"
"IMF.RES:WEO(9.0.0)","BDI.PPPSH.A","OBS_VALUE","Burundi","Gross domestic product (GDP), Purchasing power parity (PPP) international dollar, percent of world GDP, Percent, ICP benchmarks 2017-2021","Annual","Units","0.012","0.013","0.013","0.013","0.012","0.013","0.013","0.013","0.013","0.013","0.013","0.013","0.012","0.011","0.011","0.009","0.008","0.008","0.008","0.008","0.008","0.008","0.008","0.008","0.007","0.007","0.007","0.007","0.007","0.008","0.008","0.008","0.008","0.008","0.008","0.008","0.007","0.007","0.007","0.007","0.007","0.007","0.007","0.007","0.007","0.007","0.007","0.007","0.007","0.007","0.007"
"IMF.RES:WEO(9.0.0)","BDI.LP.A","OBS_VALUE","Burundi","Population, Persons for countries / Index for country groups","Annual","Millions","4.011","4.129","4.250","4.374","4.502","4.634","4.770","4.910","5.054","5.202","5.354","5.511","5.668","5.658","5.756","5.864","5.972","6.070","6.187","6.337","6.470","6.634","6.824","7.043","7.311","7.587","7.866","8.162","8.506","8.948","9.376","9.718","10.071","10.439","10.800","11.048","11.239","11.507","11.859","12.255","12.617","12.965","13.321","13.689","14.048","14.469","14.903","15.350","15.811","16.285","16.774"
"IMF.RES:WEO(9.0.0)","BDI.NGDP_R.A","OBS_VALUE","Burundi","Gross domestic product (GDP), Constant prices, Domestic currency","Annual","Billions","765.621","858.749","849.697","881.267","882.635","986.646","1018.711","1074.766","1128.842","1144.074","1183.639","1252.065","1264.679","1185.809","1140.403","1050.092","966.070","970.063","1016.161","1027.989","1046.301","1063.721","1088.751","1115.637","1157.654","1208.244","1273.656","1317.622","1381.681","1434.361","1507.860","1568.666","1638.420","1719.099","1792.000","1722.112","1711.779","1720.338","1748.034","1780.241","1786.206","1841.924","1875.572","1925.447","1993.772","2081.463","2165.772","2256.253","2351.834","2456.150","2566.967"
"IMF.RES:WEO(9.0.0)","GNQ.NGDP_R.A","OBS_VALUE","Equatorial Guinea, Republic of","Gross domestic product (GDP), Constant prices, Domestic currency","Annual","Billions","43.290","45.787","46.795","49.137","49.634","56.040","54.734","57.162","58.680","57.958","59.429","58.689","78.057","86.222","100.714","127.414","194.533","482.388","602.092","761.013","1601.972","2563.525","3066.516","3509.794","4576.463","4952.196","5274.146","6080.147","7162.359","7258.575","6610.808","7042.092","7627.490","7312.232","7342.582","6673.670","6085.291","5740.407","5382.404","5087.350","4843.611","4885.279","5042.756","4786.115","4828.322","4749.851","4771.737","4824.092","4890.407","4989.900","5095.678"
"IMF.RES:WEO(9.0.0)","GNQ.LP.A","OBS_VALUE","Equatorial Guinea, Republic of","Population, Persons for countries / Index for country groups","Annual","Millions","0.255","0.270","0.291","0.314","0.338","0.359","0.376","0.390","0.402","0.414","0.427","0.441","0.455","0.471","0.487","0.505","0.524","0.545","0.567","0.590","0.614","0.640","0.666","0.695","0.725","0.757","0.792","0.829","0.868","0.909","0.951","0.994","1.039","1.084","1.129","1.175","1.221","1.268","1.314","1.360","1.406","1.452","1.498","1.544","1.590","1.637","1.683","1.730","1.777","1.824","1.871"
"IMF.RES:WEO(9.0.0)","BEN.LP.A","OBS_VALUE","Benin","Population, Persons for countries / Index for country groups","Annual","Millions","3.858","3.991","4.114","4.248","4.382","4.527","4.672","4.817","4.973","5.120","5.281","5.447","5.618","5.873","6.097","6.227","6.392","6.583","6.789","7.003","7.222","7.446","7.675","7.913","8.159","8.426","8.693","8.954","9.228","9.509","9.797","10.094","10.398","10.709","11.030","11.361","11.698","12.040","12.383","12.727","13.070","13.413","13.760","14.111","14.500","14.923","15.357","15.809","16.283","16.784","17.302"
"IMF.RES:WEO(9.0.0)","COM.PPPSH.A","OBS_VALUE","Comoros, Union of the","Gross domestic product (GDP), Purchasing power parity (PPP) international dollar, percent of world GDP, Percent, ICP benchmarks 2017-2021","Annual","Units","0.003","0.003","0.003","0.003","0.003","0.003","0.003","0.003","0.003","0.003","0.003","0.003","0.003","0.003","0.002","0.002","0.002","0.002","0.002","0.002","0.002","0.002","0.002","0.002","0.002","0.002","0.002","0.002","0.002","0.002","0.002","0.002","0.002","0.002","0.002","0.002","0.002","0.002","0.002","0.002","0.002","0.002","0.002","0.002","0.002","0.002","0.002","0.002","0.002","0.002","0.002"
"IMF.RES:WEO(9.0.0)","CAF.PPPSH.A","OBS_VALUE","Central African Republic","Gross domestic product (GDP), Purchasing power parity (PPP) international dollar, percent of world GDP, Percent, ICP benchmarks 2017-2021","Annual","Units","0.009","0.010","0.010","0.009","0.009","0.009","0.010","0.009","0.009","0.009","0.009","0.009","0.007","0.007","0.008","0.008","0.007","0.007","0.007","0.007","0.006","0.006","0.006","0.006","0.006","0.006","0.006","0.006","0.006","0.006","0.006","0.006","0.006","0.004","0.003","0.004","0.004","0.004","0.004","0.004","0.004","0.004","0.004","0.004","0.004","0.004","0.004","0.004","0.004","0.004","0.004"
"IMF.RES:WEO(9.0.0)","COG.NGDP_R.A","OBS_VALUE","Congo, Republic of","Gross domestic product (GDP), Constant prices, Domestic currency","Annual","Billions","1405.579","1442.302","1477.064","1512.403","1548.329","1584.851","1621.981","1659.727","2023.337","2453.689","2478.310","2562.627","2669.762","2704.883","2666.975","2772.722","2869.641","2840.830","3095.075","2981.253","3331.621","3170.953","3202.191","3216.877","3210.535","3506.269","3786.288","3535.863","3758.848","4196.276","4613.019","4714.779","5183.765","5146.834","5492.530","5297.514","5032.982","4751.398","4641.911","4694.108","4399.892","4446.391","4526.360","4615.844","4713.337","4838.423","4975.561","5136.279","5327.252","5522.663","5719.516"
"IMF.RES:WEO(9.0.0)","COG.PPPSH.A","OBS_VALUE","Congo, Republic of","Gross domestic product (GDP), Purchasing power parity (PPP) international dollar, percent of world GDP, Percent, ICP benchmarks 2017-2021","Annual","Units","0.021","0.021","0.021","0.021","0.021","0.021","0.021","0.020","0.024","0.028","0.027","0.027","0.025","0.025","0.024","0.024","0.024","0.023","0.024","0.023","0.024","0.022","0.022","0.021","0.020","0.021","0.022","0.019","0.020","0.022","0.023","0.023","0.025","0.024","0.024","0.023","0.021","0.019","0.023","0.023","0.020","0.021","0.021","0.021","0.020","0.020","0.020","0.020","0.020","0.020","0.021"
"IMF.RES:WEO(9.0.0)","TCD.NGDP_R.A","OBS_VALUE","Chad","Gross domestic product (GDP), Constant prices, Domestic currency","Annual","Billions","1362.173","1214.987","1280.309","1480.793","1558.626","1681.705","1782.042","1847.030","1986.379","2025.153","2089.999","2307.407","2362.601","2313.599","2440.709","2421.795","2473.024","2612.833","2794.467","2775.385","2750.970","3071.682","3332.505","3823.105","5108.791","5491.868","5463.446","5701.445","5878.666","5799.981","6600.053","6900.593","7515.093","7734.876","7913.927","8163.232","7865.220","7700.942","8104.369","8580.450","8583.243","8752.646","9161.258","9617.301","9954.032","10286.639","10653.498","11010.388","11423.148","11878.778","12361.110"
"IMF.RES:WEO(9.0.0)","COG.LP.A","OBS_VALUE","Congo, Republic of","Population, Persons for countries / Index for country groups","Annual","Millions","1.707","1.760","1.814","1.870","1.928","1.988","2.049","2.112","2.177","2.314","2.385","2.453","2.521","2.594","2.669","2.742","2.817","2.875","2.937","3.017","3.134","3.254","3.331","3.425","3.543","3.673","3.813","3.956","4.090","4.257","4.438","4.584","4.713","4.828","4.945","5.064","5.187","5.312","5.441","5.571","5.702","5.836","5.970","6.138","6.309","6.486","6.668","6.854","7.046","7.244","7.446"
"IMF.RES:WEO(9.0.0)","COM.LP.A","OBS_VALUE","Comoros, Union of the","Population, Persons for countries / Index for country groups","Annual","Millions","0.337","0.345","0.354","0.362","0.366","0.376","0.386","0.397","0.408","0.420","0.431","0.442","0.453","0.463","0.473","0.484","0.494","0.505","0.516","0.526","0.537","0.548","0.559","0.570","0.581","0.593","0.605","0.617","0.629","0.642","0.656","0.670","0.685","0.699","0.715","0.730","0.746","0.762","0.776","0.791","0.806","0.822","0.851","0.870","0.890","0.910","0.930","0.950","0.970","0.991","1.012"
"IMF.RES:WEO(9.0.0)","COM.NGDP_R.A","OBS_VALUE","Comoros, Union of the","Gross domestic product (GDP), Constant prices, Domestic currency","Annual","Billions","151.044","159.294","165.758","170.885","178.005","182.952","186.741","190.621","200.096","198.261","212.811","199.687","214.380","219.841","211.077","222.976","221.838","231.622","231.680","237.930","235.534","248.299","259.715","264.739","272.947","288.410","283.350","285.627","296.951","306.574","318.156","331.339","341.837","357.104","364.627","368.811","381.057","395.597","410.007","417.226","416.410","424.739","435.795","448.848","463.835","481.351","500.710","522.052","544.522","565.263","586.807"
"IMF.RES:WEO(9.0.0)","CAF.NGDP_R.A","OBS_VALUE","Central African Republic","Gross domestic product (GDP), Constant prices, Domestic currency","Annual","Billions","487.744","550.928","531.250","499.232","548.715","569.198","610.140","610.140","620.620","644.139","652.926","647.710","615.823","608.447","684.942","706.630","663.119","690.339","713.398","733.994","707.712","726.177","741.364","724.689","723.990","745.210","780.637","812.103","833.326","856.758","896.435","934.038","981.241","624.148","624.650","651.750","682.705","713.615","736.451","766.649","774.550","772.347","778.637","777.930","792.873","816.641","843.360","873.897","907.188","941.115","978.089"
"IMF.RES:WEO(9.0.0)","GMB.LP.A","OBS_VALUE","Gambia, The","Population, Persons for countries / Index for country groups","Annual","Millions","0.601","0.638","0.662","0.688","0.716","0.746","0.776","0.808","0.841","0.875","0.911","0.948","0.987","1.045","1.081","1.115","1.148","1.201","1.238","1.277","1.318","1.360","1.404","1.450","1.497","1.544","1.591","1.640","1.689","1.740","1.793","1.848","1.905","1.964","2.024","2.086","2.149","2.214","2.280","2.349","2.419","2.492","2.567","2.644","2.724","2.805","2.890","2.977","3.066","3.158","3.253"
"IMF.RES:WEO(9.0.0)","GNQ.PPPSH.A","OBS_VALUE","Equatorial Guinea, Republic of","Gross domestic product (GDP), Purchasing power parity (PPP) international dollar, percent of world GDP, Percent, ICP benchmarks 2017-2021","Annual","Units","0.001","0.001","0.001","0.001","0.001","0.001","0.001","0.001","0.001","0.001","0.001","0.001","0.001","0.001","0.001","0.001","0.002","0.004","0.005","0.006","0.012","0.018","0.021","0.023","0.029","0.030","0.030","0.033","0.038","0.039","0.034","0.035","0.036","0.034","0.033","0.029","0.025","0.023","0.023","0.020","0.017","0.019","0.019","0.017","0.017","0.016","0.016","0.015","0.015","0.015","0.015"
"IMF.RES:WEO(9.0.0)","COD.PPPSH.A","OBS_VALUE","Congo, Democratic Republic of the","Gross domestic product (GDP), Purchasing power parity (PPP) international dollar, percent of world GDP, Percent, ICP benchmarks 2017-2021","Annual","Units","0.187","0.185","0.183","0.181","0.182","0.176","0.179","0.177","0.170","0.162","0.145","0.130","0.105","0.089","0.081","0.080","0.076","0.067","0.063","0.059","0.051","0.049","0.049","0.050","0.052","0.054","0.054","0.056","0.058","0.059","0.061","0.063","0.066","0.070","0.073","0.075","0.073","0.073","0.073","0.076","0.083","0.087","0.091","0.096","0.099","0.101","0.103","0.105","0.107","0.110","0.112"
"IMF.RES:WEO(9.0.0)","COD.LP.A","OBS_VALUE","Congo, Democratic Republic of the","Population, Persons for countries / Index for country groups","Annual","Millions","25.124","25.953","26.810","27.694","28.608","29.552","30.528","31.535","32.576","33.651","34.761","35.908","37.334","38.816","40.253","41.576","42.757","44.838","45.734","46.649","48.049","49.449","50.971","52.602","54.315","56.090","57.927","59.835","61.809","63.845","65.939","68.087","70.291","72.553","74.877","77.267","79.801","82.417","85.120","87.911","90.794","93.751","96.801","99.948","103.197","106.552","110.020","113.605","117.314","121.142","125.093"
"IMF.RES:WEO(9.0.0)","BEN.PPPSH.A","OBS_VALUE","Benin","Gross domestic product (GDP), Purchasing power parity (PPP) international dollar, percent of world GDP, Percent, ICP benchmarks 2017-2021","Annual","Units","0.029","0.028","0.029","0.027","0.026","0.027","0.026","0.025","0.025","0.023","0.024","0.025","0.023","0.024","0.024","0.024","0.024","0.025","0.025","0.025","0.025","0.026","0.027","0.026","0.026","0.026","0.025","0.025","0.026","0.027","0.026","0.026","0.026","0.027","0.028","0.027","0.028","0.028","0.028","0.029","0.030","0.030","0.030","0.031","0.032","0.034","0.035","0.036","0.037","0.038","0.039"
"IMF.RES:WEO(9.0.0)","COD.NGDP_R.A","OBS_VALUE","Congo, Democratic Republic of the","Gross domestic product (GDP), Constant prices, Domestic currency","Annual","Billions","8372.439","8451.520","8413.109","8531.731","8945.047","8986.569","9410.760","9662.132","9707.020","9584.701","8955.147","8198.841","7341.104","6352.382","5962.095","6126.792","6008.254","5537.209","5322.636","5120.246","4703.668","4604.883","4740.624","5055.048","5442.306","5975.851","6281.154","6816.932","7321.503","7362.905","7940.378","8543.316","9283.901","10177.429","10920.613","11615.136","11660.880","12087.475","12670.754","13239.085","13460.315","13692.655","14955.062","16223.709","17272.056","18184.085","19144.865","20177.944","21275.505","22431.312","23651.004"
"IMF.RES:WEO(9.0.0)","BEN.NGDP_R.A","OBS_VALUE","Benin","Gross domestic product (GDP), Constant prices, Domestic currency","Annual","Billions","2015.293","2054.165","2088.717","2046.943","2055.131","2144.061","2202.973","2157.274","2231.216","2167.648","2362.219","2462.042","2534.862","2682.801","2737.004","2902.461","3027.972","3201.617","3328.433","3473.488","3676.955","3873.052","4052.879","4192.443","4378.155","4453.160","4628.781","4905.876","5146.096","5265.449","5376.764","5536.118","5802.473","6219.754","6615.186","6732.814","6957.668","7349.072","7832.569","8387.922","8705.923","9328.871","9912.228","10541.934","11327.585","12125.114","12940.192","13793.394","14688.323","15569.720","16499.584"
"IMF.RES:WEO(9.0.0)","GAB.NGDP_R.A","OBS_VALUE","Gabon","Gross domestic product (GDP), Constant prices, Domestic currency","Annual","Billions","2595.283","2491.472","2593.622","2645.495","2775.124","2936.081","2874.424","2431.762","2516.874","2905.242","3054.762","3241.822","3141.754","3265.745","3386.994","3555.458","3684.345","3895.767","4031.255","3670.733","3601.606","3679.028","3669.866","3752.340","3778.214","3925.542","3782.910","4028.293","3906.228","3859.515","4144.146","4438.038","4671.083","4928.787","5147.392","5347.054","5458.885","5484.686","5534.528","5747.489","5641.845","5724.667","5898.562","6042.835","6245.507","6362.523","6526.316","6708.291","6898.300","7094.639","7296.366"
"IMF.RES:WEO(9.0.0)","ETH.LP.A","OBS_VALUE","Ethiopia, The Federal Democratic Republic of","Population, Persons for countries / Index for country groups","Annual","Millions","32.444","33.227","34.175","35.256","36.415","37.612","38.839","40.105","41.420","42.799","44.249","45.774","47.359","48.981","50.606","52.212","53.789","55.345","56.891","58.448","60.030","61.591","63.192","64.835","66.521","68.250","70.025","72.421","74.879","76.826","78.824","80.700","82.700","84.800","87.000","89.100","91.200","93.400","95.500","97.600","99.700","101.900","104.082","105.707","108.414","110.148","111.910","113.701","115.520","117.369","119.246"
"IMF.RES:WEO(9.0.0)","GMB.NGDP_R.A","OBS_VALUE","Gambia, The","Gross domestic product (GDP), Constant prices, Domestic currency","Annual","Billions","18.770","16.982","20.508","23.280","21.506","22.291","22.818","23.456","23.856","24.889","26.307","26.876","27.350","28.398","27.433","28.344","29.168","29.581","31.504","33.520","35.372","37.406","36.192","38.680","41.405","40.431","40.207","41.430","44.022","46.957","49.731","45.688","48.082","49.464","48.767","50.746","51.733","54.228","58.151","61.769","62.134","65.400","68.993","72.469","76.334","80.923","85.047","89.312","93.810","98.534","103.496"
"IMF.RES:WEO(9.0.0)","ERI.NGDP_R.A","OBS_VALUE","Eritrea, The State of","Gross domestic product (GDP), Constant prices, Domestic currency","Annual","Billions","","","","","","","","","","","","","15.019","16.954","20.500","20.977","22.893","24.702","25.187","25.234","22.117","24.053","24.776","24.118","24.468","25.098","24.855","25.210","20.310","22.784","25.256","31.749","32.348","28.966","37.926","30.105","32.330","29.093","32.884","34.145","","","","","","","","","","",""
"IMF.RES:WEO(9.0.0)","ERI.PPPSH.A","OBS_VALUE","Eritrea, The State of","Gross domestic product (GDP), Purchasing power parity (PPP) international dollar, percent of world GDP, Percent, ICP benchmarks 2017-2021","Annual","Units","","","","","","","","","","","","","0.005","0.006","0.007","0.007","0.007","0.007","0.007","0.007","0.006","0.006","0.006","0.006","0.006","0.006","0.005","0.005","0.004","0.004","0.005","0.006","0.006","0.005","0.006","0.005","0.005","0.004","0.005","0.005","","","","","","","","","","",""
"IMF.RES:WEO(9.0.0)","ETH.NGDP_R.A","OBS_VALUE","Ethiopia, The Federal Democratic Republic of","Gross domestic product (GDP), Constant prices, Domestic currency","Annual","Billions","219.962","219.962","222.076","239.499","233.979","207.275","227.365","258.901","260.388","259.198","265.941","246.746","224.767","254.803","263.686","279.827","317.695","326.719","313.045","332.747","365.481","392.527","398.807","390.432","436.113","491.063","547.536","612.145","680.705","748.775","828.146","922.554","1002.816","1102.095","1215.611","1342.035","1449.397","1597.377","1720.418","1875.893","1989.519","2114.163","2248.663","2409.921","2603.953","2792.061","2990.659","3221.814","3479.924","3749.963","4031.052"
"IMF.RES:WEO(9.0.0)","ETH.PPPSH.A","OBS_VALUE","Ethiopia, The Federal Democratic Republic of","Gross domestic product (GDP), Purchasing power parity (PPP) international dollar, percent of world GDP, Percent, ICP benchmarks 2017-2021","Annual","Units","0.090","0.088","0.089","0.093","0.087","0.074","0.079","0.087","0.084","0.080","0.079","0.072","0.059","0.065","0.066","0.067","0.074","0.073","0.068","0.070","0.073","0.076","0.076","0.071","0.076","0.082","0.086","0.092","0.099","0.110","0.116","0.124","0.131","0.139","0.148","0.158","0.166","0.176","0.178","0.185","0.204","0.201","0.207","0.214","0.224","0.233","0.242","0.253","0.265","0.277","0.288"
"IMF.RES:WEO(9.0.0)","GAB.PPPSH.A","OBS_VALUE","Gabon","Gross domestic product (GDP), Purchasing power parity (PPP) international dollar, percent of world GDP, Percent, ICP benchmarks 2017-2021","Annual","Units","0.045","0.042","0.044","0.043","0.044","0.045","0.042","0.034","0.034","0.038","0.038","0.040","0.035","0.035","0.036","0.036","0.036","0.037","0.037","0.033","0.030","0.030","0.029","0.029","0.028","0.028","0.025","0.026","0.024","0.024","0.024","0.025","0.026","0.026","0.027","0.027","0.026","0.026","0.026","0.026","0.024","0.028","0.028","0.028","0.028","0.027","0.027","0.027","0.027","0.027","0.027"
"IMF.RES:WEO(9.0.0)","GAB.LP.A","OBS_VALUE","Gabon","Population, Persons for countries / Index for country groups","Annual","Millions","0.748","0.765","0.781","0.799","0.816","0.834","0.852","0.871","0.890","0.910","0.930","0.960","0.990","1.014","1.039","1.065","1.092","1.119","1.147","1.176","1.205","1.235","1.266","1.298","1.330","1.364","1.398","1.440","1.494","1.551","1.610","1.671","1.735","1.803","1.868","1.930","1.980","2.025","2.053","2.080","2.108","2.135","2.161","2.209","2.258","2.306","2.356","2.406","2.459","2.512","2.566"
"IMF.RES:WEO(9.0.0)","KEN.LP.A","OBS_VALUE","Kenya","Population, Persons for countries / Index for country groups","Annual","Millions","15.721","16.308","16.900","17.500","18.100","18.700","19.300","20.000","20.700","21.400","22.000","22.700","23.400","24.100","24.800","25.500","26.300","27.000","27.800","28.700","29.500","30.300","31.100","32.000","32.900","33.800","34.700","35.700","36.700","37.700","38.600","39.500","40.400","41.400","42.400","43.300","44.300","45.400","46.400","47.600","48.797","49.747","50.640","51.539","52.444","53.354","54.269","55.189","56.114","57.043","57.976"
"IMF.RES:WEO(9.0.0)","LSO.NGDP_R.A","OBS_VALUE","Lesotho, Kingdom of","Gross domestic product (GDP), Constant prices, Domestic currency","Annual","Billions","5.687","5.862","6.188","6.376","6.681","6.878","7.137","7.329","7.905","8.378","8.917","9.590","10.171","10.576","11.126","11.579","12.131","12.527","12.694","12.877","13.386","13.827","14.162","14.763","15.068","15.569","16.223","16.905","17.540","17.604","18.502","19.438","20.438","20.800","21.230","21.920","22.331","21.721","21.403","20.779","19.686","20.059","20.456","20.882","21.339","21.644","21.889","22.072","22.387","22.730","23.080"
"IMF.RES:WEO(9.0.0)","LSO.LP.A","OBS_VALUE","Lesotho, Kingdom of","Population, Persons for countries / Index for country groups","Annual","Millions","1.414","1.451","1.488","1.530","1.573","1.617","1.660","1.699","1.734","1.767","1.799","1.830","1.859","1.885","1.911","1.934","1.955","1.973","1.986","1.994","1.999","1.999","1.998","1.993","1.985","1.977","1.977","1.983","1.995","2.009","2.023","2.038","2.055","2.074","2.095","2.119","2.144","2.171","2.198","2.226","2.254","2.281","2.306","2.330","2.359","2.387","2.416","2.445","2.475","2.505","2.535"
"IMF.RES:WEO(9.0.0)","CIV.NGDP_R.A","OBS_VALUE","Côte d'Ivoire","Gross domestic product (GDP), Constant prices, Domestic currency","Annual","Billions","12828.209","13276.888","13303.441","12970.855","12711.438","13169.050","13801.164","13732.159","13888.705","14298.422","14142.569","14148.226","14112.856","14087.453","14111.598","14897.855","16109.899","17031.813","17871.597","18160.675","17785.040","17806.626","17509.675","17271.625","17484.372","17785.321","18054.919","18373.595","18840.806","19453.406","19845.906","18881.923","20933.260","22874.180","24885.753","27086.367","29029.000","31180.660","32690.374","34887.656","35132.154","37613.284","40020.491","42601.996","45158.115","48048.235","51123.322","54446.338","58039.796","62102.582","66325.557"
"IMF.RES:WEO(9.0.0)","GHA.PPPSH.A","OBS_VALUE","Ghana","Gross domestic product (GDP), Purchasing power parity (PPP) international dollar, percent of world GDP, Percent, ICP benchmarks 2017-2021","Annual","Units","0.087","0.082","0.074","0.068","0.071","0.073","0.075","0.077","0.079","0.079","0.079","0.081","0.076","0.078","0.079","0.079","0.080","0.081","0.083","0.084","0.083","0.084","0.085","0.086","0.087","0.088","0.089","0.088","0.093","0.099","0.101","0.111","0.117","0.121","0.121","0.119","0.119","0.124","0.128","0.133","0.137","0.137","0.137","0.137","0.140","0.141","0.144","0.146","0.149","0.151","0.154"
"IMF.RES:WEO(9.0.0)","GIN.PPPSH.A","OBS_VALUE","Guinea","Gross domestic product (GDP), Purchasing power parity (PPP) international dollar, percent of world GDP, Percent, ICP benchmarks 2017-2021","Annual","Units","0.024","0.024","0.024","0.024","0.023","0.023","0.023","0.023","0.023","0.024","0.024","0.024","0.022","0.023","0.023","0.023","0.023","0.024","0.024","0.024","0.023","0.023","0.024","0.023","0.023","0.022","0.022","0.022","0.022","0.022","0.022","0.022","0.023","0.023","0.023","0.023","0.025","0.027","0.027","0.029","0.032","0.033","0.033","0.034","0.035","0.036","0.039","0.041","0.044","0.048","0.050"
"IMF.RES:WEO(9.0.0)","GIN.NGDP_R.A","OBS_VALUE","Guinea","Gross domestic product (GDP), Constant prices, Domestic currency","Annual","Billions","14522.278","14610.826","14873.821","15067.183","15278.125","16042.021","16541.575","17087.437","18165.333","18892.577","19709.504","20201.560","20862.657","21915.907","22792.689","23859.397","24923.902","26215.360","27170.680","28206.427","28912.451","29970.168","31518.011","31911.545","32658.312","33637.171","34477.000","36722.000","38243.000","37655.000","39243.500","41446.600","43897.469","45629.524","47316.238","49126.520","54442.315","60049.874","63868.140","67455.559","70629.000","74572.000","77534.000","82373.520","87376.236","93673.144","103489.587","114579.267","126967.748","141290.450","152264.535"
"IMF.RES:WEO(9.0.0)","GNB.PPPSH.A","OBS_VALUE","Guinea-Bissau","Gross domestic product (GDP), Purchasing power parity (PPP) international dollar, percent of world GDP, Percent, ICP benchmarks 2017-2021","Annual","Units","0.004","0.004","0.004","0.004","0.004","0.004","0.004","0.004","0.004","0.004","0.004","0.004","0.004","0.004","0.004","0.004","0.004","0.004","0.003","0.003","0.003","0.003","0.003","0.003","0.003","0.003","0.003","0.003","0.003","0.003","0.003","0.003","0.003","0.003","0.003","0.003","0.003","0.003","0.003","0.003","0.003","0.003","0.003","0.003","0.003","0.003","0.003","0.003","0.003","0.003","0.003"
"IMF.RES:WEO(9.0.0)","GHA.NGDP_R.A","OBS_VALUE","Ghana","Gross domestic product (GDP), Constant prices, Domestic currency","Annual","Billions","27.390","26.362","24.173","22.669","24.795","26.390","28.023","29.889","31.823","33.268","34.464","36.109","37.724","39.525","40.911","42.643","44.674","47.264","49.632","51.880","53.746","55.803","58.380","61.364","64.680","68.710","72.707","75.669","82.481","87.167","93.947","107.057","116.073","124.478","128.033","130.748","135.159","146.146","155.207","165.308","166.157","174.592","181.257","186.926","197.553","205.507","215.357","226.010","237.298","249.163","261.621"
"IMF.RES:WEO(9.0.0)","GIN.LP.A","OBS_VALUE","Guinea","Population, Persons for countries / Index for country groups","Annual","Millions","","","","","","","","","","","6.020","6.352","6.734","7.136","7.514","7.837","8.095","8.296","8.457","8.601","8.746","8.895","9.046","9.205","9.380","9.576","9.799","10.047","10.315","10.593","10.876","11.162","11.451","11.745","12.044","12.345","12.654","12.970","13.294","13.627","13.967","14.317","14.674","15.041","15.417","15.803","16.198","16.603","17.018","17.443","17.879"
"IMF.RES:WEO(9.0.0)","GMB.PPPSH.A","OBS_VALUE","Gambia, The","Gross domestic product (GDP), Purchasing power parity (PPP) international dollar, percent of world GDP, Percent, ICP benchmarks 2017-2021","Annual","Units","0.005","0.004","0.005","0.006","0.005","0.005","0.005","0.005","0.005","0.005","0.005","0.005","0.005","0.005","0.004","0.004","0.004","0.004","0.004","0.004","0.005","0.005","0.004","0.005","0.005","0.004","0.004","0.004","0.004","0.004","0.004","0.004","0.004","0.004","0.004","0.004","0.004","0.004","0.004","0.004","0.005","0.005","0.005","0.005","0.005","0.005","0.005","0.005","0.005","0.005","0.005"
"IMF.RES:WEO(9.0.0)","GHA.LP.A","OBS_VALUE","Ghana","Population, Persons for countries / Index for country groups","Annual","Millions","11.941","12.282","12.644","13.030","13.371","13.661","13.965","14.289","14.637","15.007","15.395","15.787","16.185","16.590","16.993","17.399","17.810","18.239","18.688","19.150","19.637","20.167","20.729","21.297","21.868","22.449","23.041","23.642","24.250","24.863","25.475","26.095","26.734","27.386","28.042","28.696","29.357","30.008","30.638","31.259","31.888","32.519","33.149","33.788","34.427","35.064","35.698","36.328","36.959","37.590","38.222"
"IMF.RES:WEO(9.0.0)","GNB.LP.A","OBS_VALUE","Guinea-Bissau","Population, Persons for countries / Index for country groups","Annual","Millions","0.782","0.798","0.815","0.832","0.850","0.867","0.886","0.903","0.921","0.940","0.959","0.980","1.003","1.025","1.048","1.072","1.095","1.119","1.144","1.169","1.194","1.219","1.246","1.272","1.299","1.328","1.356","1.386","1.417","1.449","1.460","1.492","1.525","1.559","1.593","1.628","1.664","1.700","1.738","1.776","1.815","1.855","1.896","1.937","1.978","2.019","2.060","2.103","2.145","2.187","2.230"
"IMF.RES:WEO(9.0.0)","GNB.NGDP_R.A","OBS_VALUE","Guinea-Bissau","Gross domestic product (GDP), Constant prices, Domestic currency","Annual","Billions","270.144","268.800","280.090","270.567","285.448","297.722","294.745","311.251","317.346","326.630","341.589","366.542","377.887","386.488","397.939","413.919","429.427","455.166","353.001","412.358","416.895","436.847","452.809","451.515","456.806","486.771","499.751","512.544","535.734","548.849","579.614","626.476","615.746","635.794","641.927","681.303","717.457","751.816","780.095","815.200","827.428","878.728","919.150","966.946","1013.359","1065.040","1118.292","1174.207","1227.046","1282.263","1336.169"
"IMF.RES:WEO(9.0.0)","MDG.PPPSH.A","OBS_VALUE","Madagascar, Republic of","Gross domestic product (GDP), Purchasing power parity (PPP) international dollar, percent of world GDP, Percent, ICP benchmarks 2017-2021","Annual","Units","0.062","0.055","0.054","0.053","0.051","0.050","0.049","0.048","0.048","0.048","0.048","0.044","0.040","0.040","0.039","0.038","0.037","0.037","0.038","0.038","0.038","0.039","0.033","0.035","0.035","0.035","0.035","0.036","0.037","0.036","0.034","0.033","0.033","0.033","0.033","0.033","0.033","0.033","0.032","0.032","0.031","0.030","0.030","0.030","0.030","0.031","0.031","0.032","0.032","0.033","0.033"
"IMF.RES:WEO(9.0.0)","MWI.LP.A","OBS_VALUE","Malawi","Population, Persons for countries / Index for country groups","Annual","Millions","6.564","6.748","6.923","7.116","7.368","7.700","8.133","8.647","9.185","9.667","10.039","10.275","10.400","10.461","10.533","10.666","10.876","11.148","11.458","11.774","12.070","12.343","12.813","13.098","13.385","13.654","14.043","14.439","14.846","15.274","15.714","16.166","16.632","17.111","17.604","18.111","18.632","19.169","19.721","20.289","20.873","21.474","22.093","22.729","23.384","24.057","24.750","25.463","26.196","26.950","27.727"
"IMF.RES:WEO(9.0.0)","MDG.LP.A","OBS_VALUE","Madagascar, Republic of","Population, Persons for countries / Index for country groups","Annual","Millions","8.679","8.911","9.150","9.395","9.647","9.906","10.171","10.444","10.724","11.011","11.306","11.609","11.920","12.239","12.607","12.987","13.378","13.780","14.195","14.622","15.063","15.516","15.983","16.464","16.960","17.470","17.996","18.538","19.096","19.670","20.262","20.872","21.501","22.148","22.814","23.501","24.209","24.937","25.674","26.525","27.340","28.178","28.961","29.766","30.594","31.444","32.319","33.217","34.141","35.090","36.065"
"IMF.RES:WEO(9.0.0)","KEN.PPPSH.A","OBS_VALUE","Kenya","Gross domestic product (GDP), Purchasing power parity (PPP) international dollar, percent of world GDP, Percent, ICP benchmarks 2017-2021","Annual","Units","0.164","0.167","0.174","0.173","0.168","0.169","0.175","0.178","0.181","0.183","0.183","0.181","0.161","0.158","0.157","0.158","0.159","0.154","0.154","0.152","0.145","0.148","0.144","0.143","0.143","0.144","0.145","0.147","0.144","0.149","0.153","0.155","0.157","0.158","0.160","0.163","0.165","0.165","0.167","0.171","0.178","0.181","0.183","0.187","0.190","0.193","0.196","0.200","0.203","0.207","0.211"
"IMF.RES:WEO(9.0.0)","KEN.NGDP_R.A","OBS_VALUE","Kenya","Gross domestic product (GDP), Constant prices, Domestic currency","Annual","Billions","2112.193","2198.793","2309.884","2346.682","2384.232","2481.339","2654.588","2808.838","2979.920","3115.633","3244.423","3287.876","3252.360","3249.278","3331.524","3474.342","3629.969","3644.890","3753.603","3836.155","3849.464","4002.630","4021.900","4140.504","4332.418","4577.836","4845.836","5177.812","5189.838","5361.462","5793.514","6090.206","6368.448","6610.312","6942.157","7287.024","7594.064","7883.816","8330.891","8756.946","8733.061","9395.942","9852.583","10416.150","10908.286","11433.568","11988.741","12590.700","13223.927","13885.273","14575.435"
"IMF.RES:WEO(9.0.0)","LBR.LP.A","OBS_VALUE","Liberia","Population, Persons for countries / Index for country groups","Annual","Millions","1.853","1.919","1.989","2.057","2.112","2.146","2.158","2.153","2.134","2.106","2.076","2.040","2.002","1.977","1.986","2.045","2.160","2.326","2.517","2.700","2.848","2.954","3.025","3.077","3.136","3.218","3.329","3.462","3.608","3.754","3.891","4.017","4.136","4.248","4.360","4.472","4.587","4.702","4.819","4.937","5.149","5.259","5.373","5.493","5.613","5.731","5.854","5.987","6.119","6.245","6.366"
"IMF.RES:WEO(9.0.0)","CIV.PPPSH.A","OBS_VALUE","Côte d'Ivoire","Gross domestic product (GDP), Purchasing power parity (PPP) international dollar, percent of world GDP, Percent, ICP benchmarks 2017-2021","Annual","Units","0.154","0.155","0.155","0.147","0.138","0.138","0.140","0.134","0.130","0.129","0.123","0.120","0.108","0.106","0.103","0.105","0.109","0.111","0.113","0.111","0.104","0.101","0.097","0.092","0.089","0.086","0.083","0.081","0.080","0.084","0.081","0.074","0.080","0.084","0.089","0.093","0.097","0.101","0.102","0.111","0.114","0.114","0.117","0.121","0.124","0.128","0.132","0.136","0.141","0.146","0.151"
"IMF.RES:WEO(9.0.0)","LSO.PPPSH.A","OBS_VALUE","Lesotho, Kingdom of","Gross domestic product (GDP), Purchasing power parity (PPP) international dollar, percent of world GDP, Percent, ICP benchmarks 2017-2021","Annual","Units","0.005","0.005","0.005","0.005","0.005","0.005","0.005","0.005","0.005","0.005","0.005","0.005","0.005","0.005","0.005","0.005","0.005","0.005","0.005","0.005","0.005","0.005","0.005","0.005","0.005","0.005","0.005","0.005","0.005","0.005","0.005","0.005","0.005","0.005","0.005","0.005","0.005","0.005","0.004","0.004","0.004","0.004","0.004","0.004","0.004","0.004","0.003","0.003","0.003","0.003","0.003"
"IMF.RES:WEO(9.0.0)","CIV.LP.A","OBS_VALUE","Côte d'Ivoire","Population, Persons for countries / Index for country groups","Annual","Millions","7.864","8.043","8.355","8.779","9.025","9.374","9.742","10.120","10.214","10.630","11.064","11.508","11.961","13.142","13.536","13.929","14.324","14.836","15.367","15.806","16.258","16.723","17.201","17.693","18.199","18.719","19.254","19.805","20.371","20.954","21.553","22.169","22.803","23.455","24.126","24.816","25.525","26.255","27.006","27.778","28.572","29.389","30.229","31.094","31.983","32.897","33.838","34.806","35.801","36.825","37.877"
"IMF.RES:WEO(9.0.0)","MRT.NGDP_R.A","OBS_VALUE","Mauritania, Islamic Republic of","Gross domestic product (GDP), Constant prices, Domestic currency","Annual","Billions","","","","","","","","","","","31.998","31.998","32.565","34.478","33.423","36.705","38.840","37.270","38.305","39.712","38.156","37.851","38.374","41.032","42.974","46.656","55.209","54.122","53.943","53.995","55.410","57.722","60.303","62.806","65.491","69.012","69.882","74.264","77.808","80.256","79.912","80.501","85.971","91.825","97.617","101.476","105.810","110.455","116.690","122.110","125.758"
"IMF.RES:WEO(9.0.0)","MUS.PPPSH.A","OBS_VALUE","Mauritius","Gross domestic product (GDP), Purchasing power parity (PPP) international dollar, percent of world GDP, Percent, ICP benchmarks 2017-2021","Annual","Units","0.015","0.015","0.016","0.016","0.016","0.016","0.017","0.018","0.019","0.019","0.019","0.020","0.019","0.020","0.020","0.020","0.020","0.021","0.021","0.021","0.022","0.022","0.022","0.022","0.022","0.021","0.021","0.021","0.022","0.023","0.022","0.022","0.023","0.023","0.023","0.023","0.023","0.023","0.022","0.022","0.019","0.018","0.019","0.020","0.020","0.020","0.020","0.020","0.020","0.020","0.020"
"IMF.RES:WEO(9.0.0)","MLI.PPPSH.A","OBS_VALUE","Mali","Gross domestic product (GDP), Purchasing power parity (PPP) international dollar, percent of world GDP, Percent, ICP benchmarks 2017-2021","Annual","Units","0.032","0.030","0.026","0.026","0.026","0.026","0.026","0.026","0.025","0.027","0.028","0.029","0.026","0.026","0.027","0.026","0.027","0.027","0.028","0.028","0.027","0.030","0.030","0.032","0.031","0.031","0.031","0.031","0.031","0.033","0.033","0.033","0.032","0.031","0.032","0.033","0.034","0.035","0.035","0.036","0.036","0.033","0.033","0.034","0.034","0.035","0.036","0.036","0.037","0.038","0.039"
"IMF.RES:WEO(9.0.0)","LBY.LP.A","OBS_VALUE","Libya","Population, Persons for countries / Index for country groups","Annual","Millions","2.988","3.126","3.273","3.411","3.558","3.539","3.676","3.834","4.325","4.522","4.260","4.360","4.460","4.560","4.650","4.750","4.840","4.920","5.010","5.090","5.180","5.260","5.340","5.420","5.510","5.590","5.690","5.780","5.880","5.960","6.041","5.923","6.283","6.266","6.259","6.322","6.385","6.448","6.513","6.578","6.644","6.710","6.777","6.845","6.913","6.982","7.052","7.122","7.194","7.265","7.338"
"IMF.RES:WEO(9.0.0)","MWI.PPPSH.A","OBS_VALUE","Malawi","Gross domestic product (GDP), Purchasing power parity (PPP) international dollar, percent of world GDP, Percent, ICP benchmarks 2017-2021","Annual","Units","0.020","0.019","0.019","0.020","0.020","0.020","0.019","0.019","0.019","0.018","0.018","0.020","0.016","0.018","0.015","0.017","0.018","0.018","0.018","0.018","0.017","0.016","0.016","0.016","0.016","0.016","0.016","0.017","0.018","0.019","0.019","0.020","0.019","0.020","0.020","0.020","0.020","0.020","0.019","0.020","0.021","0.022","0.021","0.021","0.020","0.020","0.020","0.020","0.020","0.020","0.020"
"IMF.RES:WEO(9.0.0)","LBY.NGDP_R.A","OBS_VALUE","Libya","Gross domestic product (GDP), Constant prices, Domestic currency","Annual","Billions","142.814","114.194","115.927","110.467","101.292","101.907","90.338","77.057","82.897","88.865","92.171","109.056","104.099","98.407","101.575","85.901","87.412","85.109","84.533","84.373","87.784","90.089","86.732","100.735","106.622","117.945","118.273","125.642","125.438","119.919","125.947","62.547","116.855","95.823","73.743","73.122","72.031","95.436","103.015","91.481","64.535","82.820","75.986","83.703","85.311","98.586","102.757","105.106","106.945","109.011","111.418"
"IMF.RES:WEO(9.0.0)","LBR.PPPSH.A","OBS_VALUE","Liberia","Gross domestic product (GDP), Purchasing power parity (PPP) international dollar, percent of world GDP, Percent, ICP benchmarks 2017-2021","Annual","Units","","","","","","","","","","","","","","","","","","","","","0.007","0.007","0.007","0.005","0.005","0.005","0.005","0.006","0.006","0.006","0.006","0.006","0.007","0.007","0.007","0.007","0.006","0.006","0.006","0.006","0.006","0.005","0.005","0.005","0.005","0.005","0.006","0.006","0.006","0.006","0.006"
"IMF.RES:WEO(9.0.0)","MDG.NGDP_R.A","OBS_VALUE","Madagascar, Republic of","Gross domestic product (GDP), Constant prices, Domestic currency","Annual","Billions","10238.323","9234.967","9059.503","9141.038","9301.937","9409.500","9593.947","9706.668","10037.367","10446.378","10773.235","10093.837","10213.033","10427.499","10423.109","10598.071","10826.375","11226.246","11665.987","12214.198","12758.567","13521.560","11843.808","13002.712","13686.265","14337.163","15111.156","15974.088","17046.371","16368.146","16469.502","16729.461","17233.210","17629.641","18218.330","18788.982","19539.253","20307.794","20956.495","21880.934","20319.145","21264.124","22147.882","23078.768","24048.076","24973.652","26053.298","27333.587","28676.130","30109.936","31619.384"
"IMF.RES:WEO(9.0.0)","MWI.NGDP_R.A","OBS_VALUE","Malawi","Gross domestic product (GDP), Constant prices, Domestic currency","Annual","Billions","1801.659","1707.163","1750.116","1814.760","1912.263","1999.672","1995.377","2027.806","2092.235","2120.369","2241.067","2436.717","2258.033","2476.878","2221.434","2528.648","2780.978","2964.166","2995.616","3101.696","3125.748","2998.353","3051.136","3225.223","3400.046","3511.185","3676.210","4029.126","4336.941","4698.126","5021.079","5264.805","5364.088","5643.021","5964.673","6140.631","6280.023","6531.224","6818.055","7189.515","7262.379","7593.420","7663.364","7808.390","7948.941","8139.475","8362.225","8622.809","8905.438","9207.107","9518.994"
"IMF.RES:WEO(9.0.0)","LBR.NGDP_R.A","OBS_VALUE","Liberia","Gross domestic product (GDP), Constant prices, Domestic currency","Annual","Billions","","","","","","","","","","","","","","","","","","","","","2.046","2.102","2.195","1.559","1.621","1.716","1.862","2.106","2.234","2.350","2.499","2.692","2.918","3.176","3.198","3.199","3.146","3.224","3.264","3.182","3.088","3.242","3.398","3.554","3.697","3.866","4.076","4.305","4.558","4.808","5.075"
"IMF.RES:WEO(9.0.0)","LBY.PPPSH.A","OBS_VALUE","Libya","Gross domestic product (GDP), Purchasing power parity (PPP) international dollar, percent of world GDP, Percent, ICP benchmarks 2017-2021","Annual","Units","0.542","0.423","0.427","0.397","0.349","0.339","0.291","0.239","0.246","0.255","0.254","0.293","0.251","0.233","0.234","0.191","0.187","0.175","0.170","0.164","0.162","0.162","0.152","0.170","0.171","0.181","0.173","0.174","0.169","0.163","0.163","0.078","0.141","0.112","0.083","0.080","0.076","0.097","0.097","0.080","0.055","0.057","0.051","0.054","0.053","0.060","0.061","0.060","0.059","0.059","0.058"
"IMF.RES:WEO(9.0.0)","NER.PPPSH.A","OBS_VALUE","Niger","Gross domestic product (GDP), Purchasing power parity (PPP) international dollar, percent of world GDP, Percent, ICP benchmarks 2017-2021","Annual","Units","0.028","0.027","0.028","0.026","0.021","0.021","0.022","0.021","0.022","0.021","0.020","0.020","0.018","0.018","0.017","0.017","0.017","0.016","0.017","0.017","0.016","0.017","0.017","0.017","0.016","0.016","0.016","0.016","0.017","0.017","0.018","0.018","0.019","0.019","0.020","0.020","0.021","0.021","0.021","0.023","0.025","0.025","0.027","0.026","0.028","0.029","0.030","0.031","0.032","0.033","0.034"
"IMF.RES:WEO(9.0.0)","MLI.LP.A","OBS_VALUE","Mali","Population, Persons for countries / Index for country groups","Annual","Millions","7.531","7.693","7.860","8.034","8.209","8.375","8.531","8.681","8.834","9.000","9.179","9.363","9.554","9.755","9.967","10.185","10.407","10.646","10.920","11.227","11.559","11.912","12.288","12.685","13.102","13.539","13.990","14.458","14.941","15.436","15.945","16.469","16.957","17.460","18.020","18.593","19.191","19.813","20.442","21.068","21.714","22.389","23.073","23.769","24.497","25.247","26.020","26.814","27.632","28.476","29.347"
"IMF.RES:WEO(9.0.0)","MRT.PPPSH.A","OBS_VALUE","Mauritania, Islamic Republic of","Gross domestic product (GDP), Purchasing power parity (PPP) international dollar, percent of world GDP, Percent, ICP benchmarks 2017-2021","Annual","Units","","","","","","","","","","","0.021","0.021","0.019","0.019","0.018","0.019","0.020","0.018","0.018","0.018","0.017","0.016","0.016","0.017","0.016","0.017","0.019","0.018","0.017","0.017","0.017","0.017","0.017","0.017","0.018","0.018","0.018","0.018","0.018","0.018","0.019","0.018","0.018","0.019","0.019","0.019","0.020","0.020","0.020","0.021","0.021"
"IMF.RES:WEO(9.0.0)","MUS.LP.A","OBS_VALUE","Mauritius","Population, Persons for countries / Index for country groups","Annual","Millions","0.966","0.980","0.993","1.002","1.012","1.021","1.028","1.036","1.043","1.051","1.059","1.070","1.084","1.097","1.113","1.122","1.134","1.148","1.160","1.175","1.187","1.196","1.205","1.213","1.221","1.228","1.234","1.240","1.244","1.247","1.250","1.252","1.256","1.259","1.261","1.263","1.264","1.265","1.266","1.265","1.266","1.264","1.261","1.260","1.258","1.256","1.254","1.251","1.249","1.245","1.241"
"IMF.RES:WEO(9.0.0)","MUS.NGDP_R.A","OBS_VALUE","Mauritius","Gross domestic product (GDP), Constant prices, Domestic currency","Annual","Billions","83.065","87.951","92.786","93.142","97.589","104.300","114.461","126.094","134.657","140.670","150.779","157.467","167.723","176.246","183.536","191.406","202.101","213.596","226.565","232.480","251.526","259.610","263.834","279.622","291.644","295.880","309.235","326.945","344.558","355.980","371.562","386.713","400.233","413.682","429.514","445.365","462.567","480.783","500.047","514.505","439.662","454.627","494.148","518.895","544.451","561.873","580.977","600.730","621.155","642.274","664.112"
"IMF.RES:WEO(9.0.0)","MRT.LP.A","OBS_VALUE","Mauritania, Islamic Republic of","Population, Persons for countries / Index for country groups","Annual","Millions","","","","","","","","","","","1.996","2.050","2.108","2.167","2.228","2.292","2.358","2.425","2.495","2.568","2.643","2.720","2.800","2.882","2.965","3.047","2.953","3.036","3.119","3.202","3.285","3.369","3.454","3.537","3.621","3.706","3.794","3.881","3.970","4.058","4.147","4.240","4.334","4.430","4.529","4.629","4.732","4.837","4.944","5.054","5.166"
"IMF.RES:WEO(9.0.0)","MLI.NGDP_R.A","OBS_VALUE","Mali","Gross domestic product (GDP), Constant prices, Domestic currency","Annual","Billions","1209.880","1154.922","1021.445","1054.423","1079.930","1114.948","1183.002","1212.328","1212.981","1342.672","1467.680","1580.399","1555.711","1611.113","1672.365","1722.492","1847.901","1936.537","1993.192","2117.674","2116.386","2441.807","2517.657","2747.243","2790.100","2972.426","3111.006","3219.693","3373.381","3531.224","3722.385","3843.000","3810.865","3898.327","4174.512","4432.154","4691.537","4940.444","5174.942","5421.070","5354.096","5517.536","5709.267","5975.135","6255.966","6568.765","6923.478","7283.499","7654.957","8045.360","8455.673"
"IMF.RES:WEO(9.0.0)","ZWE.LP.A","OBS_VALUE","Zimbabwe","Population, Persons for countries / Index for country groups","Annual","Millions","7.092","7.300","7.606","7.849","8.099","8.385","8.648","8.919","9.199","9.488","9.786","10.093","10.410","10.776","11.147","11.523","11.905","11.786","11.756","11.724","11.693","11.663","11.632","11.640","11.730","11.830","12.010","12.040","12.120","12.230","12.340","12.459","13.061","13.430","13.778","14.075","14.371","14.668","14.968","15.268","15.582","15.904","16.229","16.624","16.993","17.360","17.729","18.104","18.488","18.882","19.285"
"IMF.RES:WEO(9.0.0)","NGA.PPPSH.A","OBS_VALUE","Nigeria","Gross domestic product (GDP), Purchasing power parity (PPP) international dollar, percent of world GDP, Percent, ICP benchmarks 2017-2021","Annual","Units","","","","","","","","","","","0.850","0.826","0.758","0.756","0.737","0.724","0.726","0.718","0.716","0.696","0.699","0.727","0.811","0.857","0.900","0.921","0.934","0.953","0.994","1.084","1.147","1.159","1.171","1.194","1.227","1.219","1.163","1.130","1.106","1.125","1.131","1.056","1.063","1.062","1.070","1.079","1.091","1.099","1.108","1.117","1.127"
"IMF.RES:WEO(9.0.0)","MAR.PPPSH.A","OBS_VALUE","Morocco","Gross domestic product (GDP), Purchasing power parity (PPP) international dollar, percent of world GDP, Percent, ICP benchmarks 2017-2021","Annual","Units","0.217","0.206","0.225","0.218","0.218","0.224","0.235","0.220","0.233","0.230","0.230","0.242","0.211","0.205","0.222","0.201","0.219","0.206","0.217","0.211","0.204","0.214","0.215","0.221","0.220","0.216","0.222","0.217","0.223","0.234","0.231","0.234","0.234","0.237","0.235","0.237","0.231","0.234","0.214","0.210","0.204","0.206","0.202","0.203","0.204","0.206","0.209","0.210","0.212","0.214","0.215"
"IMF.RES:WEO(9.0.0)","MAR.NGDP_R.A","OBS_VALUE","Morocco","Gross domestic product (GDP), Constant prices, Domestic currency","Annual","Billions","275.459","267.843","293.607","291.971","304.633","323.899","350.783","341.858","377.462","386.392","401.982","432.318","419.748","415.538","463.301","433.982","492.394","482.488","520.987","523.745","532.086","572.269","591.246","628.594","658.779","678.400","731.044","750.824","795.297","829.047","860.681","905.831","933.096","975.416","1001.454","1044.963","1050.409","1103.538","1137.369","1170.249","1086.246","1174.827","1196.123","1239.849","1286.881","1343.422","1399.870","1455.923","1514.163","1573.246","1632.996"
"IMF.RES:WEO(9.0.0)","MOZ.LP.A","OBS_VALUE","Mozambique, Republic of","Population, Persons for countries / Index for country groups","Annual","Millions","11.630","11.913","12.190","12.440","12.636","12.764","12.809","12.786","12.758","12.806","12.987","13.328","13.806","14.371","14.948","15.483","15.960","16.397","16.814","17.244","17.712","18.222","18.764","19.331","19.911","20.494","21.080","21.673","22.277","22.895","23.532","24.188","24.863","25.561","26.286","27.042","27.830","28.649","29.424","30.286","31.178","32.077","32.970","33.897","34.858","35.835","36.826","37.831","38.850","39.880","40.921"
"IMF.RES:WEO(9.0.0)","MOZ.NGDP_R.A","OBS_VALUE","Mozambique, Republic of","Gross domestic product (GDP), Constant prices, Domestic currency","Annual","Billions","147.748","155.135","144.431","121.755","113.841","114.979","112.335","128.848","139.414","148.475","149.960","159.785","147.679","163.836","174.387","178.089","197.137","220.429","243.286","272.035","274.119","309.348","339.257","363.744","393.588","418.431","459.901","495.080","529.132","560.504","597.944","640.602","691.815","737.277","794.066","852.772","892.827","916.382","948.317","970.297","958.464","981.251","1024.077","1080.212","1103.421","1130.781","1170.261","1220.310","1268.856","1385.575","1542.595"
"IMF.RES:WEO(9.0.0)","NER.LP.A","OBS_VALUE","Niger","Population, Persons for countries / Index for country groups","Annual","Millions","5.794","5.991","6.199","6.415","6.634","6.854","7.076","7.303","7.534","7.772","8.019","8.282","8.564","8.861","9.171","9.490","9.827","10.178","10.546","10.930","11.332","11.751","12.190","12.648","13.126","13.624","14.144","14.685","15.251","15.843","16.464","17.115","17.795","18.504","19.240","20.002","20.789","21.602","22.443","23.311","24.207","25.131","26.084","27.066","28.080","29.126","30.204","31.315","32.458","33.636","34.846"
"IMF.RES:WEO(9.0.0)","MOZ.PPPSH.A","OBS_VALUE","Mozambique, Republic of","Gross domestic product (GDP), Purchasing power parity (PPP) international dollar, percent of world GDP, Percent, ICP benchmarks 2017-2021","Annual","Units","0.017","0.018","0.016","0.014","0.012","0.012","0.011","0.012","0.013","0.013","0.013","0.013","0.011","0.012","0.012","0.012","0.013","0.014","0.015","0.016","0.016","0.017","0.018","0.019","0.020","0.020","0.021","0.021","0.022","0.024","0.024","0.025","0.026","0.027","0.028","0.029","0.029","0.029","0.029","0.030","0.031","0.029","0.030","0.030","0.030","0.030","0.030","0.030","0.030","0.032","0.035"
"IMF.RES:WEO(9.0.0)","MAR.LP.A","OBS_VALUE","Morocco","Population, Persons for countries / Index for country groups","Annual","Millions","19.432","19.938","20.459","20.944","21.441","21.951","22.469","23.002","23.528","24.075","24.167","24.634","25.095","25.549","25.996","26.384","26.864","27.282","27.689","28.084","28.466","28.833","29.185","29.520","29.892","30.215","30.606","30.998","31.391","31.786","32.182","32.579","32.978","33.378","33.848","34.125","34.487","34.852","35.220","35.587","35.952","36.313","36.670","37.022","37.370","37.712","38.050","38.381","38.706","39.023","39.330"
"IMF.RES:WEO(9.0.0)","NGA.LP.A","OBS_VALUE","Nigeria","Population, Persons for countries / Index for country groups","Annual","Millions","73.424","75.441","77.428","79.415","81.449","83.563","85.766","88.048","90.395","92.788","93.609","96.348","99.167","102.068","105.054","108.128","111.291","114.547","117.898","121.347","124.897","128.551","132.312","136.183","140.167","144.268","148.489","152.833","157.304","161.906","166.643","171.380","176.201","181.049","185.897","190.672","195.444","200.255","204.939","209.486","213.996","218.529","223.151","227.883","232.679","237.577","242.578","247.683","252.897","258.220","263.655"
"IMF.RES:WEO(9.0.0)","NER.NGDP_R.A","OBS_VALUE","Niger","Gross domestic product (GDP), Constant prices, Domestic currency","Annual","Billions","2291.866","2287.794","2337.541","2247.227","1869.247","2013.519","2141.420","2143.310","2290.580","2312.502","2282.244","2272.200","2317.658","2325.143","2368.344","2426.469","2428.889","2465.967","2711.957","2705.926","2673.222","2867.547","3008.627","3074.321","3085.437","3311.742","3508.214","3618.495","3898.304","3974.819","4315.890","4417.573","4883.263","5142.598","5484.271","5725.216","6053.894","6356.672","6802.111","7219.941","7476.243","7578.018","8476.904","8678.221","9572.077","10208.548","10895.373","11608.866","12305.482","13043.888","13829.475"
"IMF.RES:WEO(9.0.0)","SYC.LP.A","OBS_VALUE","Seychelles","Population, Persons for countries / Index for country groups","Annual","Millions","0.063","0.064","0.064","0.064","0.065","0.065","0.066","0.068","0.069","0.069","0.070","0.070","0.071","0.072","0.074","0.075","0.076","0.077","0.079","0.080","0.081","0.081","0.083","0.083","0.082","0.083","0.085","0.085","0.087","0.087","0.090","0.087","0.088","0.090","0.091","0.093","0.094","0.094","0.095","0.096","0.097","0.098","0.099","0.100","0.101","0.102","0.102","0.103","0.104","0.105","0.106"
"IMF.RES:WEO(9.0.0)","SEN.LP.A","OBS_VALUE","Senegal","Population, Persons for countries / Index for country groups","Annual","Millions","5.648","5.803","5.966","6.140","6.322","6.512","6.711","6.918","7.130","7.346","7.561","7.776","7.990","8.227","8.461","8.690","8.913","9.131","9.348","9.569","9.798","10.036","10.284","10.541","10.810","11.090","11.382","11.687","12.005","12.335","12.678","13.034","13.402","13.782","14.175","14.578","14.994","15.419","15.854","16.296","16.744","17.204","17.676","18.162","18.661","19.173","19.700","20.241","20.797","21.368","21.955"
"IMF.RES:WEO(9.0.0)","SEN.NGDP_R.A","OBS_VALUE","Senegal","Gross domestic product (GDP), Constant prices, Domestic currency","Annual","Billions","3483.268","3659.852","3946.897","3736.670","3876.637","4003.925","4128.581","4380.192","4354.242","4527.448","4496.859","4611.790","4669.099","4730.327","4719.529","5007.088","5100.907","5239.494","5552.405","5884.309","6113.045","6376.569","6380.950","6737.897","7050.757","7354.662","7526.082","7738.853","8025.436","8246.304","8525.928","8639.671","8985.517","9202.282","9775.039","10397.420","11058.287","11877.428","12614.926","13196.950","13374.045","14248.664","14818.359","15455.549","16445.155","17424.458","17945.466","18532.586","19232.928","20014.894","20938.092"
"IMF.RES:WEO(9.0.0)","SYC.NGDP_R.A","OBS_VALUE","Seychelles","Gross domestic product (GDP), Constant prices, Domestic currency","Annual","Billions","5.342","5.135","5.029","4.998","5.213","5.750","5.793","6.076","6.399","7.058","7.584","7.793","8.352","8.962","8.744","8.786","9.665","10.843","11.111","11.319","11.800","11.532","11.672","10.985","10.672","11.633","12.727","14.053","13.758","13.608","14.468","15.290","15.874","16.891","17.688","19.264","21.599","23.101","24.242","25.578","22.575","22.700","25.585","26.163","26.935","27.986","28.882","29.855","30.879","31.947","33.059"
"IMF.RES:WEO(9.0.0)","STP.PPPSH.A","OBS_VALUE","São Tomé and Príncipe, Democratic Republic of","Gross domestic product (GDP), Purchasing power parity (PPP) international dollar, percent of world GDP, Percent, ICP benchmarks 2017-2021","Annual","Units","0.001","0.001","0.001","0.001","0.001","0.001","0.001","0.001","0.001","0.001","0.001","0.001","0.001","0.001","0.001","0.001","0.001","0.001","0.001","0.001","0.001","0.001","0.001","0.001","0.001","0.001","0.001","0.001","0.001","0.001","0.001","0.001","0.001","0.001","0.001","0.001","0.001","0.001","0.001","0.001","0.001","0.001","0.001","0.001","0.001","0.001","0.001","0.001","0.001","0.001","0.001"
"IMF.RES:WEO(9.0.0)","NGA.NGDP_R.A","OBS_VALUE","Nigeria","Gross domestic product (GDP), Constant prices, Domestic currency","Annual","Billions","","","","","","","","","","","54919.895","54616.721","55814.735","56690.360","56835.813","57899.978","60246.104","61984.756","63531.649","63863.185","67387.475","71880.095","82377.739","90205.771","99625.061","106607.240","113777.615","122103.953","130894.568","141828.641","157796.996","165509.147","172591.742","181902.061","193379.566","198509.331","195299.697","196873.592","200658.993","205090.406","192028.406","194158.486","202543.860","209282.181","217784.706","226346.369","235943.279","245353.585","255051.889","265189.242","275766.859"
"IMF.RES:WEO(9.0.0)","STP.LP.A","OBS_VALUE","São Tomé and Príncipe, Democratic Republic of","Population, Persons for countries / Index for country groups","Annual","Millions","0.091","0.093","0.095","0.098","0.100","0.103","0.106","0.109","0.112","0.115","0.118","0.122","0.125","0.127","0.129","0.131","0.134","0.136","0.139","0.141","0.144","0.146","0.150","0.154","0.158","0.162","0.166","0.170","0.174","0.178","0.182","0.186","0.189","0.193","0.197","0.200","0.204","0.207","0.210","0.213","0.217","0.222","0.226","0.231","0.236","0.240","0.245","0.250","0.255","0.260","0.265"
"IMF.RES:WEO(9.0.0)","RWA.LP.A","OBS_VALUE","Rwanda","Population, Persons for countries / Index for country groups","Annual","Millions","5.101","5.288","5.486","5.694","5.832","6.030","6.237","6.455","6.682","6.910","7.073","7.290","7.295","6.847","6.346","5.992","5.925","6.203","6.769","7.500","7.700","7.900","8.100","8.300","8.600","8.800","9.000","9.200","9.500","9.700","10.000","10.200","10.483","10.737","10.997","11.263","11.533","11.809","12.090","12.374","12.663","12.956","13.246","13.499","13.857","14.162","14.471","14.786","15.053","15.322","15.622"
"IMF.RES:WEO(9.0.0)","STP.NGDP_R.A","OBS_VALUE","São Tomé and Príncipe, Democratic Republic of","Gross domestic product (GDP), Constant prices, Domestic currency","Annual","Billions","1.828","1.640","1.690","1.625","1.527","1.669","1.572","1.526","1.556","1.605","1.570","1.589","1.600","1.618","1.654","1.687","1.712","1.729","1.772","1.816","1.825","1.868","1.913","2.039","2.117","2.267","2.473","2.554","2.763","2.854","2.896","2.953","3.040","3.196","3.353","3.405","3.581","3.728","3.891","3.970","4.074","4.151","4.158","4.174","4.220","4.342","4.546","4.724","4.889","5.060","5.237"
"IMF.RES:WEO(9.0.0)","ZWE.NGDP_R.A","OBS_VALUE","Zimbabwe","Gross domestic product (GDP), Constant prices, Domestic currency","Annual","Billions","","","","","","","","","","","","","","","","","","","64.342","63.627","60.935","60.659","55.986","46.902","43.961","40.702","39.255","37.920","31.730","34.077","40.878","46.681","54.454","55.580","56.915","57.965","58.402","61.440","64.518","60.433","55.709","60.426","64.136","67.559","68.736","72.888","76.210","78.990","81.751","84.580","87.564"
"IMF.RES:WEO(9.0.0)","ZWE.PPPSH.A","OBS_VALUE","Zimbabwe","Gross domestic product (GDP), Purchasing power parity (PPP) international dollar, percent of world GDP, Percent, ICP benchmarks 2017-2021","Annual","Units","","","","","","","","","","","","","","","","","","","0.105","0.100","0.091","0.088","0.079","0.064","0.057","0.051","0.046","0.043","0.035","0.038","0.043","0.047","0.053","0.053","0.052","0.051","0.050","0.051","0.047","0.054","0.058","0.062","0.063","0.064","0.063","0.065","0.066","0.066","0.067","0.067","0.067"
"IMF.RES:WEO(9.0.0)","RWA.NGDP_R.A","OBS_VALUE","Rwanda","Gross domestic product (GDP), Constant prices, Domestic currency","Annual","Billions","1742.636","1785.720","1741.642","1846.751","2086.354","2177.900","2297.702","2290.920","2297.702","2166.598","2175.675","2082.121","2219.541","1989.195","1155.922","1439.598","1606.527","1845.899","1999.845","2066.000","2239.000","2429.000","2749.000","2810.000","3019.000","3303.000","3607.000","3882.000","4315.000","4585.000","4921.000","5313.000","5772.000","6045.000","6417.000","6986.000","7403.000","7694.000","8350.000","9138.000","8830.000","9789.000","10587.000","11461.000","12480.000","13367.206","14366.592","15429.918","16512.376","17661.975","18893.977"
"IMF.RES:WEO(9.0.0)","RWA.PPPSH.A","OBS_VALUE","Rwanda","Gross domestic product (GDP), Purchasing power parity (PPP) international dollar, percent of world GDP, Percent, ICP benchmarks 2017-2021","Annual","Units","0.016","0.016","0.016","0.016","0.018","0.018","0.018","0.017","0.017","0.015","0.015","0.014","0.013","0.012","0.007","0.008","0.008","0.009","0.010","0.010","0.010","0.011","0.012","0.012","0.012","0.012","0.013","0.013","0.014","0.015","0.016","0.016","0.017","0.017","0.018","0.019","0.019","0.019","0.020","0.021","0.021","0.023","0.024","0.025","0.027","0.028","0.029","0.030","0.031","0.032","0.034"
"IMF.RES:WEO(9.0.0)","SDN.NGDP_R.A","OBS_VALUE","Sudan","Gross domestic product (GDP), Constant prices, Domestic currency","Annual","Billions","6.425","6.831","7.113","7.005","6.611","6.570","7.222","7.689","8.019","8.133","8.201","8.777","9.264","9.519","9.853","10.726","11.312","11.998","12.986","13.536","14.671","16.266","17.232","18.316","19.257","20.344","21.673","22.916","23.798","23.139","24.032","23.259","19.304","19.682","20.599","21.610","22.625","22.799","22.277","21.720","20.932","21.036","20.510","16.254","12.456","12.858","14.077","16.171","17.680","18.833","19.865"
"IMF.RES:WEO(9.0.0)","NAM.PPPSH.A","OBS_VALUE","Namibia","Gross domestic product (GDP), Purchasing power parity (PPP) international dollar, percent of world GDP, Percent, ICP benchmarks 2017-2021","Annual","Units","","","","","","","","","","","0.020","0.020","0.020","0.019","0.019","0.019","0.019","0.019","0.019","0.019","0.019","0.019","0.020","0.020","0.020","0.020","0.020","0.019","0.019","0.020","0.020","0.020","0.020","0.021","0.021","0.021","0.021","0.020","0.019","0.018","0.018","0.017","0.018","0.018","0.018","0.018","0.018","0.018","0.018","0.018","0.018"
"IMF.RES:WEO(9.0.0)","SLE.PPPSH.A","OBS_VALUE","Sierra Leone","Gross domestic product (GDP), Purchasing power parity (PPP) international dollar, percent of world GDP, Percent, ICP benchmarks 2017-2021","Annual","Units","0.036","0.036","0.037","0.035","0.034","0.031","0.030","0.029","0.029","0.029","0.028","0.026","0.021","0.020","0.021","0.018","0.013","0.010","0.010","0.009","0.009","0.010","0.012","0.013","0.013","0.014","0.014","0.013","0.014","0.014","0.014","0.015","0.015","0.016","0.016","0.015","0.015","0.015","0.015","0.015","0.015","0.015","0.015","0.015","0.015","0.016","0.016","0.016","0.016","0.017","0.017"
"IMF.RES:WEO(9.0.0)","SLE.NGDP_R.A","OBS_VALUE","Sierra Leone","Gross domestic product (GDP), Constant prices, Domestic currency","Annual","Billions","32002.688","32603.810","33184.107","32661.202","33216.347","30977.427","31018.458","31757.381","32410.975","34015.910","34563.840","31801.325","28733.675","28749.278","29755.501","26772.512","20136.499","16593.308","16454.349","15117.964","15693.548","18545.056","23445.660","25861.401","27881.042","29754.857","31121.794","32282.944","33524.880","33965.102","37387.789","40045.471","42746.725","46777.057","46486.105","45053.102","47159.451","49017.977","50687.211","53476.381","52806.135","55920.035","58891.377","62254.087","65009.000","67861.807","71168.540","74532.087","77921.771","81484.244","85220.309"
"IMF.RES:WEO(9.0.0)","SOM.LP.A","OBS_VALUE","Somalia","Population, Persons for countries / Index for country groups","Annual","Millions","","","","","","","","","","","","","","","","","","","","","","","","","","","","","","","","","11.846","12.178","12.519","12.870","13.230","13.600","13.981","14.373","14.775","15.189","15.614","16.051","16.501","16.963","17.438","17.926","18.428","18.944","19.474"
"IMF.RES:WEO(9.0.0)","SEN.PPPSH.A","OBS_VALUE","Senegal","Gross domestic product (GDP), Purchasing power parity (PPP) international dollar, percent of world GDP, Percent, ICP benchmarks 2017-2021","Annual","Units","0.044","0.045","0.048","0.044","0.044","0.044","0.044","0.045","0.043","0.043","0.041","0.041","0.037","0.037","0.036","0.037","0.036","0.036","0.037","0.038","0.037","0.038","0.037","0.038","0.038","0.037","0.036","0.036","0.036","0.037","0.036","0.036","0.036","0.036","0.037","0.038","0.039","0.040","0.041","0.042","0.045","0.046","0.046","0.046","0.048","0.049","0.049","0.049","0.049","0.050","0.051"
"IMF.RES:WEO(9.0.0)","SYC.PPPSH.A","OBS_VALUE","Seychelles","Gross domestic product (GDP), Purchasing power parity (PPP) international dollar, percent of world GDP, Percent, ICP benchmarks 2017-2021","Annual","Units","0.002","0.002","0.002","0.002","0.002","0.002","0.002","0.002","0.002","0.002","0.002","0.002","0.002","0.002","0.002","0.002","0.002","0.002","0.002","0.002","0.002","0.002","0.002","0.002","0.002","0.002","0.002","0.002","0.002","0.002","0.002","0.002","0.002","0.002","0.002","0.002","0.002","0.002","0.002","0.002","0.002","0.002","0.002","0.002","0.002","0.002","0.002","0.002","0.002","0.002","0.002"
"IMF.RES:WEO(9.0.0)","TGO.NGDP_R.A","OBS_VALUE","Togo","Gross domestic product (GDP), Constant prices, Domestic currency","Annual","Billions","1565.480","1511.956","1455.899","1380.828","1462.036","1516.382","1565.823","1526.928","1681.517","1750.459","1853.688","1842.745","1783.655","1492.580","1700.490","2035.336","1956.549","2030.959","1985.000","2035.419","2015.675","2032.204","2110.037","2251.832","2229.764","2125.634","2181.964","2209.213","2298.369","2423.718","2565.611","2715.013","2886.132","3054.228","3226.280","3402.694","3597.808","3742.005","3921.441","4114.487","4196.297","4447.169","4705.578","4969.090","5232.452","5504.540","5807.289","6126.690","6463.658","6819.159","7194.213"
"IMF.RES:WEO(9.0.0)","SOM.PPPSH.A","OBS_VALUE","Somalia","Gross domestic product (GDP), Purchasing power parity (PPP) international dollar, percent of world GDP, Percent, ICP benchmarks 2017-2021","Annual","Units","","","","","","","","","","","","","","","","","","","","","","","","","","","","","","","","0.020","0.020","0.020","0.020","0.020","0.020","0.021","0.018","0.018","0.017","0.015","0.015","0.015","0.015","0.015","0.015","0.016","0.016","0.016","0.016"
"IMF.RES:WEO(9.0.0)","SDN.LP.A","OBS_VALUE","Sudan","Population, Persons for countries / Index for country groups","Annual","Millions","18.680","19.240","19.800","20.360","21.311","21.908","22.521","23.152","23.600","24.200","25.750","26.530","27.320","28.130","28.950","27.950","28.600","29.200","29.800","30.400","31.100","31.900","32.700","33.600","34.474","35.300","36.218","37.159","38.126","39.117","40.134","32.661","35.056","36.164","37.289","38.435","39.599","40.783","41.985","43.222","44.345","45.498","46.681","47.895","49.140","50.418","51.729","53.074","54.454","55.870","57.322"
"IMF.RES:WEO(9.0.0)","NAM.NGDP_R.A","OBS_VALUE","Namibia","Gross domestic product (GDP), Constant prices, Domestic currency","Annual","Billions","","","","","","","","","","","52.859","55.683","60.844","59.859","61.657","64.194","66.246","69.039","71.311","73.712","76.290","78.115","83.333","86.231","91.950","96.245","100.044","103.692","106.439","106.754","113.202","118.965","124.987","132.004","140.047","146.019","146.068","144.568","146.100","144.874","133.137","137.935","145.382","151.841","157.476","163.139","169.409","174.354","179.647","185.113","190.699"
"IMF.RES:WEO(9.0.0)","SSD.LP.A","OBS_VALUE","South Sudan, Republic of","Population, Persons for countries / Index for country groups","Annual","Millions","","","","","","","","","","","","","","","","","","","","","","","","","","","","","","","","10.449","10.818","11.177","11.531","11.882","12.231","12.585","12.976","13.378","13.779","14.179","14.590","15.013","15.448","15.896","16.357","16.832","17.320","17.822","18.339"
"IMF.RES:WEO(9.0.0)","SDN.PPPSH.A","OBS_VALUE","Sudan","Gross domestic product (GDP), Purchasing power parity (PPP) international dollar, percent of world GDP, Percent, ICP benchmarks 2017-2021","Annual","Units","0.156","0.162","0.168","0.161","0.146","0.140","0.149","0.152","0.152","0.149","0.144","0.151","0.143","0.144","0.145","0.153","0.155","0.158","0.167","0.168","0.173","0.187","0.193","0.198","0.198","0.200","0.203","0.204","0.206","0.201","0.199","0.185","0.149","0.147","0.149","0.151","0.153","0.149","0.145","0.131","0.141","0.109","0.102","0.079","0.058","0.058","0.062","0.069","0.073","0.076","0.077"
"IMF.RES:WEO(9.0.0)","SSD.NGDP_R.A","OBS_VALUE","South Sudan, Republic of","Gross domestic product (GDP), Constant prices, Domestic currency","Annual","Billions","","","","","","","","","","","","","","","","","","","","","","","","","","","","","","","","31.497","15.648","19.915","20.225","20.178","17.495","16.481","16.127","16.265","15.209","16.020","15.189","15.642","11.553","14.364","17.575","18.160","18.821","19.475","20.213"
"IMF.RES:WEO(9.0.0)","SSD.PPPSH.A","OBS_VALUE","South Sudan, Republic of","Gross domestic product (GDP), Purchasing power parity (PPP) international dollar, percent of world GDP, Percent, ICP benchmarks 2017-2021","Annual","Units","","","","","","","","","","","","","","","","","","","","","","","","","","","","","","","","0.007","0.003","0.004","0.004","0.004","0.003","0.003","0.005","0.006","0.006","0.009","0.008","0.008","0.006","0.007","0.009","0.009","0.009","0.009","0.009"
"IMF.RES:WEO(9.0.0)","NAM.LP.A","OBS_VALUE","Namibia","Population, Persons for countries / Index for country groups","Annual","Millions","","","","","","","","","","1.284","1.345","1.403","1.455","1.504","1.549","1.580","1.625","1.668","1.711","1.755","1.798","1.839","1.875","1.905","1.930","1.954","1.979","2.005","2.032","2.062","2.093","2.127","2.166","2.223","2.282","2.342","2.406","2.472","2.541","2.613","2.688","2.770","2.851","2.928","2.990","3.049","3.107","3.165","3.221","3.278","3.336"
"IMF.RES:WEO(9.0.0)","SOM.NGDP_R.A","OBS_VALUE","Somalia","Gross domestic product (GDP), Constant prices, Domestic currency","Annual","Billions","","","","","","","","","","","","","","","","","","","","","","","","","","","","","","","","7.622","7.714","8.150","8.374","8.758","8.646","9.468","9.600","9.872","9.600","9.932","10.203","10.633","11.069","11.401","11.777","12.201","12.665","13.171","13.711"
"IMF.RES:WEO(9.0.0)","UGA.PPPSH.A","OBS_VALUE","Uganda","Gross domestic product (GDP), Purchasing power parity (PPP) international dollar, percent of world GDP, Percent, ICP benchmarks 2017-2021","Annual","Units","0.035","0.036","0.039","0.040","0.037","0.034","0.034","0.034","0.035","0.036","0.037","0.037","0.035","0.036","0.038","0.040","0.041","0.041","0.043","0.045","0.044","0.047","0.049","0.050","0.050","0.053","0.054","0.055","0.059","0.065","0.066","0.069","0.068","0.068","0.070","0.073","0.071","0.073","0.076","0.079","0.081","0.081","0.083","0.084","0.087","0.090","0.094","0.098","0.102","0.105","0.108"
"IMF.RES:WEO(9.0.0)","BFA.PPPSH.A","OBS_VALUE","Burkina Faso","Gross domestic product (GDP), Purchasing power parity (PPP) international dollar, percent of world GDP, Percent, ICP benchmarks 2017-2021","Annual","Units","0.021","0.021","0.021","0.020","0.020","0.021","0.022","0.021","0.021","0.021","0.020","0.021","0.019","0.020","0.019","0.020","0.021","0.021","0.022","0.023","0.023","0.023","0.024","0.025","0.025","0.026","0.026","0.026","0.026","0.027","0.028","0.029","0.030","0.031","0.031","0.031","0.032","0.033","0.032","0.033","0.037","0.035","0.034","0.034","0.035","0.035","0.035","0.036","0.036","0.037","0.038"
"IMF.RES:WEO(9.0.0)","SWZ.NGDP_R.A","OBS_VALUE","Eswatini, Kingdom of","Gross domestic product (GDP), Constant prices, Domestic currency","Annual","Billions","14.164","15.141","15.359","15.275","15.654","15.955","18.921","20.816","22.392","24.498","26.913","27.387","28.271","29.149","29.849","31.289","32.491","33.499","34.372","35.386","36.009","36.389","37.983","39.456","40.886","43.339","45.936","47.973","48.367","49.124","50.988","52.134","54.947","57.069","57.889","59.074","61.836","62.737","62.898","66.724","64.814","67.040","67.791","70.126","72.085","75.213","78.674","81.495","84.035","86.433","88.841"
"IMF.RES:WEO(9.0.0)","SWZ.PPPSH.A","OBS_VALUE","Eswatini, Kingdom of","Gross domestic product (GDP), Purchasing power parity (PPP) international dollar, percent of world GDP, Percent, ICP benchmarks 2017-2021","Annual","Units","0.007","0.007","0.007","0.007","0.007","0.007","0.008","0.008","0.008","0.009","0.009","0.009","0.009","0.009","0.009","0.009","0.009","0.009","0.009","0.009","0.008","0.008","0.008","0.008","0.008","0.008","0.008","0.008","0.008","0.008","0.008","0.008","0.008","0.008","0.008","0.008","0.008","0.008","0.008","0.008","0.008","0.008","0.007","0.007","0.007","0.008","0.008","0.008","0.008","0.008","0.008"
"IMF.RES:WEO(9.0.0)","TZA.PPPSH.A","OBS_VALUE","Tanzania, United Republic of","Gross domestic product (GDP), Purchasing power parity (PPP) international dollar, percent of world GDP, Percent, ICP benchmarks 2017-2021","Annual","Units","0.069","0.068","0.068","0.068","0.067","0.068","0.070","0.071","0.071","0.071","0.073","0.073","0.066","0.066","0.065","0.065","0.065","0.065","0.066","0.066","0.066","0.069","0.072","0.074","0.076","0.078","0.077","0.080","0.082","0.087","0.088","0.091","0.093","0.096","0.099","0.102","0.106","0.109","0.110","0.117","0.133","0.130","0.132","0.134","0.137","0.141","0.145","0.150","0.155","0.159","0.164"
"IMF.RES:WEO(9.0.0)","TZA.LP.A","OBS_VALUE","Tanzania, United Republic of","Population, Persons for countries / Index for country groups","Annual","Millions","18.034","18.601","19.187","19.791","20.402","21.036","21.680","22.336","23.016","23.737","24.507","25.336","26.216","27.116","27.997","28.829","29.603","30.330","31.014","31.751","32.544","33.406","34.328","35.302","36.314","37.354","38.421","39.522","40.640","41.824","43.060","44.348","45.688","47.076","48.511","49.989","51.510","53.074","54.680","56.322","58.001","59.730","61.510","63.343","65.231","67.175","69.177","71.239","73.362","75.548","77.800"
"IMF.RES:WEO(9.0.0)","TGO.PPPSH.A","OBS_VALUE","Togo","Gross domestic product (GDP), Purchasing power parity (PPP) international dollar, percent of world GDP, Percent, ICP benchmarks 2017-2021","Annual","Units","0.020","0.019","0.018","0.017","0.017","0.017","0.017","0.016","0.017","0.017","0.017","0.017","0.014","0.012","0.013","0.015","0.014","0.014","0.013","0.013","0.012","0.012","0.012","0.013","0.012","0.011","0.011","0.010","0.010","0.011","0.011","0.011","0.012","0.012","0.012","0.012","0.013","0.013","0.013","0.013","0.015","0.015","0.015","0.015","0.015","0.016","0.016","0.017","0.017","0.017","0.018"
"IMF.RES:WEO(9.0.0)","TUN.LP.A","OBS_VALUE","Tunisia","Population, Persons for countries / Index for country groups","Annual","Millions","6.451","6.633","6.795","6.956","7.037","7.269","7.552","7.713","7.845","7.986","8.233","8.418","8.603","8.785","8.957","9.114","9.256","9.384","9.499","9.604","9.699","9.786","9.864","9.940","10.018","10.102","10.196","10.298","10.407","10.522","10.640","10.761","10.887","11.015","11.144","11.274","11.403","11.532","11.659","11.783","11.903","12.019","12.129","12.235","12.336","12.432","12.523","12.609","12.691","12.768","12.842"
"IMF.RES:WEO(9.0.0)","SWZ.LP.A","OBS_VALUE","Eswatini, Kingdom of","Population, Persons for countries / Index for country groups","Annual","Millions","0.567","0.587","0.608","0.629","0.652","0.675","0.698","0.722","0.747","0.771","0.794","0.816","0.837","0.857","0.876","0.894","0.912","0.930","0.946","0.959","0.970","0.978","0.983","0.987","0.990","0.995","1.000","1.006","1.013","1.020","1.028","1.035","1.042","1.049","1.057","1.065","1.075","1.085","1.097","1.108","1.120","1.131","1.143","1.155","1.167","1.179","1.192","1.204","1.217","1.230","1.243"
"IMF.RES:WEO(9.0.0)","TZA.NGDP_R.A","OBS_VALUE","Tanzania, United Republic of","Gross domestic product (GDP), Constant prices, Domestic currency","Annual","Billions","18394.180","18486.151","18597.068","19043.397","19690.873","20596.653","21956.032","23251.438","24274.501","25196.932","26972.093","27530.911","27691.679","28025.708","28464.874","29481.212","30820.967","31907.491","33090.771","34692.512","36404.170","38587.634","41351.885","44199.469","47659.526","51171.981","53556.887","58090.146","61323.790","64624.449","68733.844","74166.915","77979.847","83268.117","88874.111","94349.316","100828.393","107611.391","115174.468","123139.239","128723.538","134951.514","141247.191","148521.017","156635.319","166029.618","176552.791","188098.075","200338.452","213250.503","226572.677"
"IMF.RES:WEO(9.0.0)","TGO.LP.A","OBS_VALUE","Togo","Population, Persons for countries / Index for country groups","Annual","Millions","2.907","3.005","3.115","3.223","3.333","3.441","3.548","3.658","3.770","3.883","3.999","4.116","4.234","4.207","4.223","4.411","4.578","4.725","4.861","5.000","5.140","5.277","5.413","5.552","5.697","5.845","6.011","6.188","6.369","6.552","6.733","6.916","7.101","7.285","7.472","7.663","7.858","8.057","8.259","8.463","8.670","8.881","9.098","9.320","9.548","9.781","10.020","10.265","10.515","10.772","11.035"
"IMF.RES:WEO(9.0.0)","NRU.LP.A","OBS_VALUE","Nauru, Republic of","Population, Persons for countries / Index for country groups","Annual","Millions","","","","","","","","","","","","","","","","","","","","","","","","","0.010","0.010","0.010","0.010","0.010","0.010","0.010","0.010","0.010","0.011","0.011","0.011","0.011","0.011","0.011","0.012","0.012","0.012","0.012","0.012","0.012","0.012","0.012","0.012","0.012","0.013","0.013"
"IMF.RES:WEO(9.0.0)","ZMB.PPPSH.A","OBS_VALUE","Zambia","Gross domestic product (GDP), Purchasing power parity (PPP) international dollar, percent of world GDP, Percent, ICP benchmarks 2017-2021","Annual","Units","0.052","0.055","0.053","0.051","0.048","0.047","0.046","0.045","0.047","0.044","0.042","0.041","0.037","0.037","0.031","0.031","0.031","0.031","0.030","0.031","0.030","0.031","0.032","0.033","0.033","0.034","0.035","0.036","0.038","0.041","0.043","0.044","0.046","0.047","0.047","0.047","0.048","0.047","0.047","0.044","0.043","0.044","0.044","0.045","0.046","0.047","0.048","0.050","0.051","0.052","0.053"
"IMF.RES:WEO(9.0.0)","SLB.PPPSH.A","OBS_VALUE","Solomon Islands","Gross domestic product (GDP), Purchasing power parity (PPP) international dollar, percent of world GDP, Percent, ICP benchmarks 2017-2021","Annual","Units","0.002","0.002","0.002","0.002","0.002","0.001","0.001","0.001","0.001","0.001","0.001","0.001","0.001","0.001","0.002","0.002","0.002","0.002","0.002","0.001","0.001","0.001","0.001","0.001","0.001","0.001","0.001","0.001","0.001","0.001","0.001","0.001","0.001","0.001","0.001","0.001","0.001","0.001","0.001","0.001","0.001","0.001","0.001","0.001","0.001","0.001","0.001","0.001","0.001","0.001","0.001"
"IMF.RES:WEO(9.0.0)","ZMB.NGDP_R.A","OBS_VALUE","Zambia","Gross domestic product (GDP), Constant prices, Domestic currency","Annual","Billions","39.933","42.581","41.341","40.868","40.166","40.663","41.353","41.970","45.861","44.183","43.928","43.635","44.530","44.496","38.574","39.692","42.160","43.768","43.599","45.627","47.405","49.925","52.175","55.798","59.722","64.044","69.106","74.878","80.698","88.139","97.216","102.626","110.423","116.007","121.457","125.004","129.725","134.271","139.813","141.770","137.800","146.344","153.970","162.235","168.795","178.662","190.046","202.478","212.886","223.186","233.822"
"IMF.RES:WEO(9.0.0)","BFA.LP.A","OBS_VALUE","Burkina Faso","Population, Persons for countries / Index for country groups","Annual","Millions","7.063","7.231","7.410","7.599","7.796","8.000","8.229","8.457","8.687","8.921","9.159","9.395","9.629","9.872","10.124","10.387","10.656","10.934","11.241","11.575","11.926","12.295","12.681","13.083","13.501","13.932","14.374","14.816","15.258","15.710","16.176","16.662","17.172","17.695","18.229","18.777","19.335","19.894","20.438","20.962","21.479","21.995","22.509","23.026","23.554","24.095","24.648","25.214","25.793","26.385","26.991"
"IMF.RES:WEO(9.0.0)","TUN.NGDP_R.A","OBS_VALUE","Tunisia","Gross domestic product (GDP), Constant prices, Domestic currency","Annual","Billions","23.916","25.236","25.115","26.289","27.795","29.371","28.944","30.883","30.905","31.703","33.945","35.350","38.181","39.127","40.546","41.630","44.483","47.030","49.364","52.334","54.585","56.657","57.406","60.106","63.854","66.080","69.545","74.211","77.356","79.711","82.509","80.821","84.229","86.275","88.941","89.802","90.806","92.851","95.272","96.749","88.065","92.236","94.702","94.883","96.437","98.814","100.871","102.488","103.891","105.322","106.757"
"IMF.RES:WEO(9.0.0)","UGA.LP.A","OBS_VALUE","Uganda","Population, Persons for countries / Index for country groups","Annual","Millions","11.264","11.607","11.962","12.335","12.734","13.169","13.641","14.147","14.679","15.227","15.782","16.343","16.873","17.447","18.021","18.595","19.214","19.832","20.450","21.113","21.820","22.526","23.277","24.116","24.956","25.795","26.678","27.606","28.578","29.549","30.521","31.537","32.548","33.510","34.477","35.492","36.561","37.674","38.823","39.823","41.222","42.460","43.799","45.222","46.623","48.022","49.706","51.948","54.013","55.633","57.302"
"IMF.RES:WEO(9.0.0)","ZMB.LP.A","OBS_VALUE","Zambia","Population, Persons for countries / Index for country groups","Annual","Millions","5.551","5.733","5.918","6.103","6.291","6.481","6.676","6.876","7.083","7.301","7.530","7.761","7.992","8.224","8.474","8.684","8.902","9.133","9.372","9.621","9.891","10.192","10.508","10.838","11.188","11.565","11.972","12.402","12.853","13.318","13.792","14.266","14.745","15.235","15.738","16.248","16.768","17.298","17.836","18.380","18.928","19.473","20.018","20.570","21.135","21.707","22.286","22.874","23.469","24.070","24.676"
"IMF.RES:WEO(9.0.0)","UGA.NGDP_R.A","OBS_VALUE","Uganda","Gross domestic product (GDP), Constant prices, Domestic currency","Annual","Billions","14684.667","15251.403","16502.709","17311.212","16791.876","16288.119","16442.251","17099.941","18518.274","19704.054","20984.309","21357.496","22606.961","24118.427","25973.994","28356.865","30226.899","31623.439","33544.254","36212.061","37639.307","40938.569","43827.579","46526.860","49226.973","54153.319","57970.782","62645.464","69178.131","74760.000","80355.000","86524.000","88543.000","92030.000","97317.000","105107.000","105283.000","112437.000","118698.000","127750.000","126281.000","133244.000","141486.000","148427.000","157765.000","167871.950","180611.495","195762.823","209261.768","222559.132","236137.160"
"IMF.RES:WEO(9.0.0)","BFA.NGDP_R.A","OBS_VALUE","Burkina Faso","Gross domestic product (GDP), Constant prices, Domestic currency","Annual","Billions","1337.559","1373.145","1392.369","1375.661","1397.671","1555.608","1679.363","1675.394","1772.493","1810.606","1799.689","1962.921","1967.489","2035.591","2062.359","2180.251","2420.401","2573.293","2761.342","2963.836","3019.808","3219.520","3359.664","3621.802","3784.003","4111.768","4368.884","4548.505","4812.318","4954.857","5373.358","5729.212","6098.899","6452.183","6731.359","6995.311","7412.090","7871.898","8391.803","8886.014","9064.691","9694.010","9851.705","10147.283","10634.133","11058.252","11584.770","12129.358","12698.459","13297.495","13928.170"
"IMF.RES:WEO(9.0.0)","TUN.PPPSH.A","OBS_VALUE","Tunisia","Gross domestic product (GDP), Purchasing power parity (PPP) international dollar, percent of world GDP, Percent, ICP benchmarks 2017-2021","Annual","Units","0.101","0.104","0.103","0.105","0.106","0.109","0.104","0.106","0.102","0.101","0.104","0.106","0.103","0.103","0.104","0.103","0.106","0.108","0.110","0.113","0.112","0.113","0.112","0.113","0.114","0.113","0.113","0.115","0.116","0.121","0.119","0.112","0.113","0.112","0.112","0.109","0.107","0.105","0.105","0.106","0.102","0.095","0.094","0.091","0.090","0.089","0.088","0.087","0.085","0.084","0.083"
"IMF.RES:WEO(9.0.0)","WSM.LP.A","OBS_VALUE","Samoa","Population, Persons for countries / Index for country groups","Annual","Millions","","","","","","","","","","","","","","","","","","","0.173","0.174","0.174","0.175","0.176","0.177","0.179","0.180","0.181","0.182","0.183","0.185","0.186","0.187","0.189","0.191","0.192","0.193","0.195","0.197","0.200","0.205","0.202","0.204","0.207","0.209","0.211","0.212","0.213","0.214","0.216","0.217","0.218"
"IMF.RES:WEO(9.0.0)","PNG.PPPSH.A","OBS_VALUE","Papua New Guinea","Gross domestic product (GDP), Purchasing power parity (PPP) international dollar, percent of world GDP, Percent, ICP benchmarks 2017-2021","Annual","Units","0.024","0.024","0.024","0.024","0.023","0.023","0.023","0.023","0.023","0.022","0.020","0.022","0.022","0.025","0.026","0.025","0.025","0.023","0.023","0.023","0.021","0.021","0.020","0.021","0.020","0.020","0.020","0.020","0.019","0.021","0.022","0.021","0.022","0.022","0.024","0.025","0.025","0.025","0.024","0.024","0.024","0.022","0.022","0.023","0.023","0.023","0.023","0.023","0.023","0.023","0.023"
"IMF.RES:WEO(9.0.0)","VUT.LP.A","OBS_VALUE","Vanuatu","Population, Persons for countries / Index for country groups","Annual","Millions","0.115","0.119","0.123","0.126","0.130","0.135","0.139","0.141","0.145","0.146","0.148","0.151","0.154","0.157","0.164","0.169","0.173","0.177","0.182","0.187","0.191","0.195","0.200","0.204","0.209","0.214","0.219","0.224","0.229","0.234","0.240","0.245","0.251","0.257","0.263","0.269","0.272","0.279","0.285","0.292","0.302","0.312","0.323","0.334","0.345","0.357","0.369","0.382","0.395","0.409","0.423"
"IMF.RES:WEO(9.0.0)","WSM.NGDP_R.A","OBS_VALUE","Samoa","Gross domestic product (GDP), Constant prices, Domestic currency","Annual","Billions","0.925","0.841","0.833","0.837","0.853","0.903","0.946","0.951","0.978","1.035","0.969","0.945","0.984","1.001","1.065","1.134","1.217","1.227","1.240","1.232","1.295","1.391","1.469","1.546","1.594","1.699","1.736","1.744","1.806","1.796","1.842","1.913","1.841","1.843","1.856","1.927","2.081","2.110","2.097","2.191","2.123","2.015","2.061","2.374","2.483","2.550","2.632","2.700","2.757","2.812","2.868"
"IMF.RES:WEO(9.0.0)","KIR.NGDP_R.A","OBS_VALUE","Kiribati","Gross domestic product (GDP), Constant prices, Domestic currency","Annual","Billions","0.146","0.154","0.153","0.138","0.157","0.136","0.133","0.135","0.164","0.152","0.143","0.135","0.167","0.167","0.170","0.175","0.175","0.177","0.184","0.177","0.189","0.183","0.186","0.183","0.182","0.184","0.195","0.201","0.195","0.196","0.198","0.205","0.217","0.233","0.236","0.263","0.282","0.292","0.302","0.312","0.308","0.334","0.349","0.358","0.377","0.392","0.404","0.415","0.423","0.433","0.442"
"IMF.RES:WEO(9.0.0)","KIR.LP.A","OBS_VALUE","Kiribati","Population, Persons for countries / Index for country groups","Annual","Millions","0.058","0.060","0.062","0.061","0.062","0.064","0.065","0.067","0.069","0.071","0.072","0.073","0.074","0.075","0.077","0.078","0.079","0.080","0.082","0.083","0.084","0.086","0.088","0.089","0.091","0.093","0.095","0.097","0.099","0.101","0.103","0.104","0.106","0.107","0.109","0.110","0.112","0.114","0.116","0.118","0.119","0.121","0.123","0.125","0.127","0.129","0.131","0.133","0.135","0.138","0.140"
"IMF.RES:WEO(9.0.0)","SLB.NGDP_R.A","OBS_VALUE","Solomon Islands","Gross domestic product (GDP), Constant prices, Domestic currency","Annual","Billions","3.960","3.889","3.824","3.973","3.980","3.855","3.847","4.171","4.223","4.403","4.500","4.770","5.376","5.591","6.044","6.654","6.761","6.699","6.786","6.753","5.789","5.328","5.179","5.517","5.884","6.210","6.512","6.802","7.197","7.381","8.017","8.600","8.718","9.174","9.283","9.439","9.963","10.270","10.552","10.736","10.373","10.639","10.895","11.184","11.468","11.779","12.112","12.469","12.841","13.226","13.617"
"IMF.RES:WEO(9.0.0)","FJI.PPPSH.A","OBS_VALUE","Fiji, Republic of","Gross domestic product (GDP), Purchasing power parity (PPP) international dollar, percent of world GDP, Percent, ICP benchmarks 2017-2021","Annual","Units","0.014","0.015","0.015","0.014","0.014","0.013","0.014","0.012","0.012","0.013","0.014","0.013","0.012","0.012","0.013","0.013","0.013","0.012","0.012","0.012","0.011","0.011","0.011","0.011","0.011","0.011","0.010","0.010","0.009","0.009","0.009","0.009","0.009","0.009","0.009","0.009","0.009","0.009","0.009","0.008","0.007","0.006","0.007","0.007","0.007","0.007","0.007","0.007","0.007","0.007","0.007"
"IMF.RES:WEO(9.0.0)","SLB.LP.A","OBS_VALUE","Solomon Islands","Population, Persons for countries / Index for country groups","Annual","Millions","0.231","0.238","0.246","0.255","0.263","0.271","0.279","0.287","0.295","0.303","0.314","0.324","0.335","0.346","0.356","0.367","0.377","0.388","0.398","0.409","0.423","0.438","0.452","0.466","0.480","0.495","0.509","0.523","0.537","0.552","0.567","0.583","0.599","0.615","0.631","0.647","0.663","0.679","0.695","0.711","0.725","0.740","0.754","0.769","0.783","0.798","0.813","0.828","0.843","0.858","0.874"
"IMF.RES:WEO(9.0.0)","FJI.NGDP_R.A","OBS_VALUE","Fiji, Republic of","Gross domestic product (GDP), Constant prices, Domestic currency","Annual","Billions","4.198","4.450","4.402","4.216","4.643","4.467","4.762","4.419","4.572","5.207","5.510","5.361","5.688","5.836","6.133","6.293","6.595","6.437","6.520","7.088","6.967","7.099","7.327","7.385","7.784","7.683","7.829","7.758","7.836","7.726","7.958","8.173","8.288","8.681","9.167","9.580","9.814","10.339","10.733","11.547","9.566","9.149","10.772","11.790","12.208","12.598","12.988","13.397","13.824","14.261","14.716"
"IMF.RES:WEO(9.0.0)","FJI.LP.A","OBS_VALUE","Fiji, Republic of","Population, Persons for countries / Index for country groups","Annual","Millions","0.634","0.649","0.666","0.683","0.698","0.709","0.715","0.718","0.719","0.733","0.739","0.745","0.751","0.757","0.763","0.768","0.775","0.782","0.791","0.797","0.802","0.805","0.810","0.816","0.821","0.827","0.830","0.837","0.838","0.843","0.848","0.852","0.857","0.860","0.864","0.868","0.871","0.885","0.890","0.896","0.901","0.906","0.912","0.917","0.923","0.928","0.934","0.939","0.945","0.951","0.956"
"IMF.RES:WEO(9.0.0)","TUV.NGDP_R.A","OBS_VALUE","Tuvalu","Gross domestic product (GDP), Constant prices, Domestic currency","Annual","Billions","","","","","","","","","","","","","","","","","","","","","0.042","0.042","0.046","0.044","0.043","0.041","0.042","0.045","0.048","0.045","0.044","0.047","0.046","0.048","0.048","0.053","0.056","0.057","0.058","0.066","0.064","0.064","0.057","0.059","0.061","0.062","0.064","0.066","0.067","0.069","0.070"
"IMF.RES:WEO(9.0.0)","FSM.LP.A","OBS_VALUE","Micronesia, Federated States of","Population, Persons for countries / Index for country groups","Annual","Millions","","","","","","","","","","","","","","","","0.106","0.106","0.106","0.107","0.107","0.107","0.107","0.106","0.106","0.106","0.106","0.105","0.104","0.104","0.103","0.103","0.104","0.104","0.104","0.103","0.103","0.102","0.101","0.100","0.098","0.097","0.096","0.095","0.095","0.095","0.095","0.095","0.095","0.095","0.095","0.095"
"IMF.RES:WEO(9.0.0)","PNG.LP.A","OBS_VALUE","Papua New Guinea","Population, Persons for countries / Index for country groups","Annual","Millions","2.960","3.040","3.110","3.180","3.250","3.330","3.400","3.350","3.450","3.600","3.758","3.875","4.181","4.288","4.401","4.520","4.640","4.761","4.883","5.006","5.130","5.256","5.384","5.515","5.647","5.781","5.917","6.056","6.196","6.339","6.738","7.254","7.615","7.993","8.390","8.807","9.245","9.704","10.186","10.693","11.224","11.782","12.029","12.282","12.539","12.803","13.072","13.346","13.626","13.913","14.205"
"IMF.RES:WEO(9.0.0)","PNG.NGDP_R.A","OBS_VALUE","Papua New Guinea","Gross domestic product (GDP), Constant prices, Domestic currency","Annual","Billions","16.264","16.451","16.588","17.158","16.989","17.597","18.592","19.106","19.661","19.382","18.775","20.571","23.415","26.538","29.322","28.311","30.180","28.265","29.589","30.138","29.386","29.350","29.303","31.954","32.139","33.505","34.355","37.040","36.931","39.442","43.437","43.918","45.963","47.721","54.185","57.747","60.919","63.072","62.896","65.714","63.633","63.308","66.921","69.474","72.094","75.511","78.154","80.577","83.099","85.675","88.331"
"IMF.RES:WEO(9.0.0)","NRU.NGDP_R.A","OBS_VALUE","Nauru, Republic of","Gross domestic product (GDP), Constant prices, Domestic currency","Annual","Billions","","","","","","","","","","","","","","","","","","","","","","","","","0.071","0.071","0.077","0.060","0.072","0.068","0.068","0.078","0.097","0.101","0.117","0.121","0.126","0.118","0.117","0.127","0.129","0.139","0.143","0.144","0.146","0.149","0.152","0.155","0.157","0.160","0.163"
"IMF.RES:WEO(9.0.0)","WSM.PPPSH.A","OBS_VALUE","Samoa","Gross domestic product (GDP), Purchasing power parity (PPP) international dollar, percent of world GDP, Percent, ICP benchmarks 2017-2021","Annual","Units","0.001","0.001","0.001","0.001","0.001","0.001","0.001","0.001","0.001","0.001","0.001","0.001","0.001","0.001","0.001","0.001","0.001","0.001","0.001","0.001","0.001","0.001","0.001","0.001","0.001","0.001","0.001","0.001","0.001","0.001","0.001","0.001","0.001","0.001","0.001","0.001","0.001","0.001","0.001","0.001","0.001","0.001","0.001","0.001","0.001","0.001","0.001","0.001","0.001","0.001","0.001"
"IMF.RES:WEO(9.0.0)","VUT.NGDP_R.A","OBS_VALUE","Vanuatu","Gross domestic product (GDP), Constant prices, Domestic currency","Annual","Billions","24.098","25.153","25.651","26.423","28.953","29.243","29.199","28.354","27.874","28.301","31.611","32.606","33.449","33.695","36.755","37.124","37.988","39.852","40.321","40.457","42.854","41.398","39.246","40.929","42.561","44.819","48.611","50.009","52.810","54.414","55.099","56.830","57.401","57.669","59.154","61.500","63.635","66.444","68.371","70.585","67.062","66.021","69.445","70.899","71.567","72.760","74.813","76.848","78.638","80.469","82.344"
"IMF.RES:WEO(9.0.0)","ARM.NGDP_R.A","OBS_VALUE","Armenia, Republic of","Gross domestic product (GDP), Constant prices, Domestic currency","Annual","Billions","","","","","","","","","","","","","992.566","853.070","899.136","972.840","1030.054","1063.470","1140.863","1179.479","1245.146","1364.686","1566.012","1785.893","1970.803","2242.881","2538.896","2887.974","3088.621","2651.584","2709.916","2837.273","3039.694","3143.407","3256.776","3362.748","3369.306","3622.609","3811.884","4102.782","3811.286","4031.183","4537.858","4916.621","5204.303","5454.110","5721.361","6036.036","6325.766","6610.425","6907.895"
"IMF.RES:WEO(9.0.0)","ARM.PPPSH.A","OBS_VALUE","Armenia, Republic of","Gross domestic product (GDP), Purchasing power parity (PPP) international dollar, percent of world GDP, Percent, ICP benchmarks 2017-2021","Annual","Units","","","","","","","","","","","","","0.019","0.016","0.016","0.017","0.017","0.017","0.018","0.018","0.018","0.019","0.021","0.024","0.025","0.027","0.029","0.031","0.033","0.028","0.027","0.028","0.029","0.029","0.029","0.029","0.028","0.029","0.029","0.032","0.031","0.030","0.033","0.034","0.035","0.036","0.036","0.037","0.038","0.038","0.039"
"IMF.RES:WEO(9.0.0)","ARM.LP.A","OBS_VALUE","Armenia, Republic of","Population, Persons for countries / Index for country groups","Annual","Millions","","","","","","","","","","","3.510","3.510","3.450","3.370","3.255","3.247","3.242","3.235","3.230","3.221","3.212","3.200","3.183","3.165","3.146","3.127","3.107","3.087","3.066","3.037","3.020","3.024","3.022","3.014","3.005","2.992","2.979","2.969","2.963","2.962","2.962","2.969","2.984","3.034","3.116","3.106","3.096","3.086","3.075","3.064","3.052"
"IMF.RES:WEO(9.0.0)","BLR.LP.A","OBS_VALUE","Belarus, Republic of","Population, Persons for countries / Index for country groups","Annual","Millions","","","","","","","","","","","10.190","10.195","10.217","10.240","10.228","10.177","10.142","10.093","10.045","10.019","9.990","9.929","9.866","9.797","9.730","9.664","9.605","9.561","9.528","9.505","9.484","9.462","9.447","9.443","9.449","9.461","9.469","9.459","9.439","9.420","9.380","9.303","9.228","9.178","9.133","9.087","9.042","8.996","8.951","8.907","8.862"
"IMF.RES:WEO(9.0.0)","AZE.NGDP_R.A","OBS_VALUE","Azerbaijan, Republic of","Gross domestic product (GDP), Constant prices, Domestic currency","Annual","Billions","","","","","","","","","","","","","9.384","7.217","5.797","5.042","5.169","5.629","5.967","6.647","7.061","7.518","8.228","9.068","9.907","12.523","16.839","21.049","23.315","25.474","26.748","26.775","27.365","28.964","29.765","30.087","29.165","29.210","29.639","30.374","29.099","30.733","32.182","32.618","33.946","34.970","35.842","36.721","37.621","38.547","39.502"
"IMF.RES:WEO(9.0.0)","MHL.NGDP_R.A","OBS_VALUE","Marshall Islands, Republic of the","Gross domestic product (GDP), Constant prices, Domestic currency","Annual","Billions","","","","","","","","","","","","","","","","","","0.154","0.153","0.151","0.155","0.166","0.171","0.169","0.168","0.171","0.171","0.177","0.164","0.170","0.179","0.178","0.176","0.183","0.180","0.184","0.188","0.195","0.206","0.227","0.221","0.224","0.221","0.212","0.219","0.224","0.233","0.239","0.243","0.248","0.252"
"IMF.RES:WEO(9.0.0)","G903.BX.A","OBS_VALUE","Emerging and Developing Europe","Exports of goods and services, US dollar","Annual","Billions","","","","","","","","","","","","","","","158.430","213.256","241.963","255.327","246.724","226.177","287.100","297.333","328.249","415.326","548.001","674.141","812.166","996.541","1272.894","923.918","1104.890","1376.549","1404.063","1456.105","1449.193","1169.352","1113.072","1301.916","1498.325","1492.097","1311.869","1743.143","1961.431","1855.283","1895.713","1962.613","2039.867","","","",""
"IMF.RES:WEO(9.0.0)","FSM.NGDP_R.A","OBS_VALUE","Micronesia, Federated States of","Gross domestic product (GDP), Constant prices, Domestic currency","Annual","Billions","","","","","","","","","","","","","","","","0.239","0.231","0.216","0.223","0.225","0.235","0.240","0.241","0.244","0.236","0.242","0.241","0.237","0.231","0.234","0.238","0.247","0.243","0.234","0.228","0.238","0.241","0.246","0.247","0.256","0.251","0.259","0.251","0.252","0.254","0.257","0.260","0.262","0.264","0.266","0.267"
"IMF.RES:WEO(9.0.0)","TON.NGDP_R.A","OBS_VALUE","Tonga","Gross domestic product (GDP), Constant prices, Domestic currency","Annual","Billions","0.296","0.337","0.381","0.403","0.580","0.613","0.667","0.678","0.654","0.661","0.692","0.733","0.705","0.705","0.719","0.776","0.776","0.771","0.789","0.807","0.838","0.850","0.888","0.889","0.872","0.868","0.849","0.828","0.867","0.822","0.829","0.885","0.906","0.896","0.914","0.924","0.985","1.017","1.024","1.022","1.040","1.044","1.020","1.041","1.062","1.091","1.117","1.137","1.155","1.169","1.183"
"IMF.RES:WEO(9.0.0)","TUV.LP.A","OBS_VALUE","Tuvalu","Population, Persons for countries / Index for country groups","Annual","Millions","","","","","","","","","","","","","","","","","","","","","","","0.010","0.009","0.010","0.010","0.010","0.010","0.010","0.010","0.010","0.011","0.011","0.011","0.011","0.011","0.011","0.011","0.011","0.010","0.010","0.010","0.011","0.010","0.010","0.010","0.010","0.010","0.010","0.010","0.010"
"IMF.RES:WEO(9.0.0)","G903.BM.A","OBS_VALUE","Emerging and Developing Europe","Imports of goods and services, US dollar","Annual","Billions","","","","","","","","","","","","","","","153.570","207.529","236.182","261.182","252.171","218.925","266.243","272.870","311.383","397.278","516.747","620.708","767.087","1007.356","1268.920","878.572","1073.026","1331.457","1335.952","1400.432","1356.350","1069.216","1056.132","1247.816","1353.975","1350.682","1248.481","1577.413","1763.881","1812.237","1827.028","1928.918","1992.899","","","",""
"IMF.RES:WEO(9.0.0)","MHL.LP.A","OBS_VALUE","Marshall Islands, Republic of the","Population, Persons for countries / Index for country groups","Annual","Millions","","","","","","","","","","","","","","","","","","0.049","0.050","0.051","0.051","0.051","0.050","0.050","0.050","0.051","0.051","0.052","0.052","0.052","0.053","0.053","0.053","0.052","0.051","0.050","0.049","0.047","0.045","0.044","0.044","0.042","0.041","0.040","0.038","0.036","0.035","0.034","0.034","0.033","0.033"
"IMF.RES:WEO(9.0.0)","GEO.LP.A","OBS_VALUE","Georgia","Population, Persons for countries / Index for country groups","Annual","Millions","","","","","","","","","","","","5.453","5.467","5.346","4.930","4.742","4.573","4.410","4.290","4.198","4.117","4.038","3.991","3.966","3.938","3.917","3.888","3.873","3.848","3.829","3.800","3.774","3.739","3.718","3.717","3.722","3.729","3.726","3.730","3.724","3.717","3.729","3.689","3.736","3.695","3.694","3.691","3.688","3.684","3.681","3.678"
"IMF.RES:WEO(9.0.0)","KAZ.NGDP_R.A","OBS_VALUE","Kazakhstan, Republic of","Gross domestic product (GDP), Constant prices, Domestic currency","Annual","Billions","","","","","","","","","","","","","5625.734","5108.167","4465.572","4099.395","4119.892","4189.930","4110.321","4221.300","4635.000","5260.700","5776.200","6313.400","6919.400","7590.594","8402.905","9150.763","9452.739","9566.172","10264.502","11034.340","11586.057","12269.634","12797.228","12925.201","13041.527","13550.147","14105.703","14740.460","14357.208","14945.853","15424.120","16210.751","16988.867","17983.090","18841.815","19627.356","20220.104","20905.076","21621.815"
"IMF.RES:WEO(9.0.0)","AZE.LP.A","OBS_VALUE","Azerbaijan, Republic of","Population, Persons for countries / Index for country groups","Annual","Millions","","","","","","","","","","","","","7.459","7.487","7.597","7.644","7.726","7.800","7.877","7.953","8.033","8.114","8.191","8.269","8.349","8.447","8.553","8.666","8.779","8.922","8.997","9.111","9.235","9.356","9.477","9.593","9.705","9.810","9.898","9.951","9.974","10.026","10.063","10.127","10.249","10.372","10.496","10.622","10.749","10.878","11.009"
"IMF.RES:WEO(9.0.0)","G903.PPPSH.A","OBS_VALUE","Emerging and Developing Europe","Gross domestic product (GDP), Purchasing power parity (PPP) international dollar, percent of world GDP, Percent, ICP benchmarks 2017-2021","Annual","Units","","","","","","","","","","","","","9.599","8.938","7.865","7.519","7.264","7.259","7.001","6.928","7.104","7.122","7.261","7.438","7.632","7.742","7.907","8.056","8.172","7.724","7.670","7.792","7.783","7.744","7.618","7.423","7.322","7.353","7.433","7.595","7.771","8.059","7.767","7.776","7.791","7.696","7.632","7.570","7.511","7.456","7.407"
"IMF.RES:WEO(9.0.0)","AZE.PPPSH.A","OBS_VALUE","Azerbaijan, Republic of","Gross domestic product (GDP), Purchasing power parity (PPP) international dollar, percent of world GDP, Percent, ICP benchmarks 2017-2021","Annual","Units","","","","","","","","","","","","","0.086","0.065","0.051","0.043","0.042","0.044","0.045","0.049","0.049","0.051","0.055","0.058","0.060","0.073","0.093","0.111","0.119","0.131","0.131","0.126","0.125","0.128","0.127","0.125","0.117","0.113","0.115","0.119","0.109","0.130","0.131","0.129","0.130","0.129","0.129","0.128","0.127","0.126","0.125"
"IMF.RES:WEO(9.0.0)","BLR.NGDP_R.A","OBS_VALUE","Belarus, Republic of","Gross domestic product (GDP), Constant prices, Domestic currency","Annual","Billions","","","","","","","","","","","","","89.135","82.361","72.724","64.663","66.458","74.057","80.309","83.002","87.783","91.939","96.590","103.402","115.242","126.144","138.760","150.722","166.113","166.397","179.450","188.828","191.854","193.636","198.570","190.966","186.141","190.855","196.865","199.713","198.369","202.879","193.741","201.736","209.825","214.224","217.184","220.764","223.484","225.315","227.012"
"IMF.RES:WEO(9.0.0)","KGZ.PPPSH.A","OBS_VALUE","Kyrgyz Republic","Gross domestic product (GDP), Purchasing power parity (PPP) international dollar, percent of world GDP, Percent, ICP benchmarks 2017-2021","Annual","Units","","","","","","","","","","","","","0.033","0.028","0.022","0.020","0.021","0.022","0.022","0.022","0.022","0.023","0.022","0.023","0.023","0.022","0.022","0.022","0.023","0.024","0.023","0.023","0.023","0.024","0.024","0.025","0.025","0.025","0.023","0.025","0.025","0.025","0.026","0.028","0.029","0.031","0.031","0.032","0.033","0.033","0.034"
"IMF.RES:WEO(9.0.0)","KAZ.PPPSH.A","OBS_VALUE","Kazakhstan, Republic of","Gross domestic product (GDP), Purchasing power parity (PPP) international dollar, percent of world GDP, Percent, ICP benchmarks 2017-2021","Annual","Units","","","","","","","","","","","","","0.352","0.314","0.267","0.236","0.229","0.224","0.214","0.212","0.222","0.245","0.262","0.277","0.288","0.302","0.318","0.329","0.331","0.337","0.344","0.356","0.362","0.371","0.374","0.366","0.358","0.359","0.358","0.392","0.403","0.414","0.412","0.419","0.425","0.437","0.444","0.448","0.447","0.449","0.450"
"IMF.RES:WEO(9.0.0)","ALB.PPPSH.A","OBS_VALUE","Albania","Gross domestic product (GDP), Purchasing power parity (PPP) international dollar, percent of world GDP, Percent, ICP benchmarks 2017-2021","Annual","Units","0.043","0.045","0.046","0.045","0.044","0.042","0.043","0.041","0.039","0.041","0.035","0.025","0.021","0.022","0.024","0.025","0.026","0.022","0.024","0.026","0.026","0.028","0.028","0.029","0.029","0.029","0.029","0.030","0.031","0.032","0.032","0.031","0.031","0.030","0.030","0.029","0.030","0.029","0.030","0.030","0.029","0.029","0.030","0.030","0.030","0.030","0.030","0.030","0.030","0.031","0.031"
"IMF.RES:WEO(9.0.0)","ALB.NGDP_R.A","OBS_VALUE","Albania","Gross domestic product (GDP), Constant prices, Domestic currency","Annual","Billions","638.627","675.029","694.605","702.245","716.290","705.546","745.056","739.096","728.749","800.166","720.149","518.507","481.175","527.368","576.940","628.288","685.462","610.581","664.491","750.149","802.256","868.790","908.203","958.414","1011.269","1067.156","1130.146","1197.766","1287.599","1330.789","1380.120","1415.249","1435.311","1449.693","1475.417","1508.285","1567.243","1618.698","1678.128","1712.740","1655.984","1804.519","1891.620","1967.577","2047.185","2115.936","2191.523","2269.231","2348.234","2430.738","2515.740"
"IMF.RES:WEO(9.0.0)","GEO.NGDP_R.A","OBS_VALUE","Georgia","Gross domestic product (GDP), Constant prices, Domestic currency","Annual","Billions","","","","","","","","","","","","","","","12.559","12.886","14.239","15.709","16.184","16.653","16.963","17.772","18.747","20.852","22.061","24.176","26.454","29.781","30.502","29.388","31.428","33.927","36.159","38.015","39.570","40.896","42.307","44.490","47.187","49.726","46.598","51.558","57.208","61.689","67.505","72.385","76.189","80.028","83.990","88.217","92.628"
"IMF.RES:WEO(9.0.0)","GEO.PPPSH.A","OBS_VALUE","Georgia","Gross domestic product (GDP), Purchasing power parity (PPP) international dollar, percent of world GDP, Percent, ICP benchmarks 2017-2021","Annual","Units","","","","","","","","","","","","","","","0.026","0.026","0.028","0.029","0.029","0.029","0.028","0.029","0.030","0.032","0.032","0.034","0.035","0.037","0.037","0.036","0.037","0.038","0.039","0.040","0.040","0.040","0.040","0.041","0.042","0.044","0.045","0.045","0.048","0.050","0.053","0.055","0.056","0.057","0.058","0.059","0.060"
"IMF.RES:WEO(9.0.0)","BLR.PPPSH.A","OBS_VALUE","Belarus, Republic of","Gross domestic product (GDP), Purchasing power parity (PPP) international dollar, percent of world GDP, Percent, ICP benchmarks 2017-2021","Annual","Units","","","","","","","","","","","","","0.154","0.140","0.120","0.103","0.102","0.109","0.115","0.115","0.116","0.119","0.121","0.125","0.133","0.139","0.145","0.150","0.161","0.162","0.166","0.169","0.166","0.162","0.161","0.150","0.141","0.140","0.142","0.149","0.166","0.160","0.148","0.149","0.150","0.148","0.146","0.144","0.141","0.138","0.135"
"IMF.RES:WEO(9.0.0)","ALB.LP.A","OBS_VALUE","Albania","Population, Persons for countries / Index for country groups","Annual","Millions","2.672","2.726","2.784","2.844","2.904","2.965","3.023","3.084","3.142","3.228","3.287","3.267","3.247","3.227","3.208","3.188","3.168","3.148","3.129","3.109","3.089","3.060","3.051","3.040","3.027","3.011","2.993","2.970","2.947","2.928","2.913","2.905","2.900","2.895","2.889","2.881","2.876","2.873","2.866","2.854","2.838","2.812","2.778","2.750","2.722","2.695","2.668","2.642","2.615","2.589","2.563"
"IMF.RES:WEO(9.0.0)","KAZ.LP.A","OBS_VALUE","Kazakhstan, Republic of","Population, Persons for countries / Index for country groups","Annual","Millions","","","","","","","","","","","","","17.048","16.900","15.800","15.676","15.481","15.188","14.955","14.902","14.884","14.858","14.859","14.909","15.013","15.147","15.308","15.484","15.674","16.093","16.322","16.557","16.792","17.035","17.288","17.542","17.793","18.036","18.275","18.513","18.755","19.001","19.635","19.900","20.159","20.380","20.594","20.811","21.019","21.229","21.441"
"IMF.RES:WEO(9.0.0)","CHN.PPPSH.A","OBS_VALUE","China, People's Republic of","Gross domestic product (GDP), Purchasing power parity (PPP) international dollar, percent of world GDP, Percent, ICP benchmarks 2017-2021","Annual","Units","2.058","2.114","2.292","2.477","2.731","2.993","3.156","3.394","3.615","3.636","3.629","3.910","4.012","4.488","4.934","5.284","5.599","5.881","6.182","6.438","6.649","7.030","7.472","7.938","8.313","8.854","9.485","10.293","10.977","12.090","12.717","13.407","14.009","14.615","15.183","15.726","16.283","16.774","17.188","17.640","18.509","18.734","18.639","18.990","19.306","19.629","19.839","20.029","20.181","20.295","20.358"
"IMF.RES:WEO(9.0.0)","TJK.LP.A","OBS_VALUE","Tajikistan, Republic of","Population, Persons for countries / Index for country groups","Annual","Millions","","","","","","","","","","","","5.506","5.536","5.573","5.607","5.668","5.735","5.822","5.939","6.115","6.216","6.327","6.448","6.577","6.713","6.854","7.001","7.152","7.310","7.473","7.642","7.816","7.995","8.178","8.363","8.549","8.735","8.921","9.107","9.292","9.475","9.657","9.836","10.013","10.188","10.360","10.530","10.698","10.864","11.029","11.194"
"IMF.RES:WEO(9.0.0)","TJK.PPPSH.A","OBS_VALUE","Tajikistan, Republic of","Gross domestic product (GDP), Purchasing power parity (PPP) international dollar, percent of world GDP, Percent, ICP benchmarks 2017-2021","Annual","Units","","","","","","","","","","","","","0.021","0.019","0.014","0.012","0.011","0.011","0.011","0.011","0.011","0.012","0.013","0.014","0.015","0.015","0.015","0.016","0.016","0.017","0.017","0.018","0.019","0.019","0.020","0.021","0.021","0.022","0.022","0.023","0.025","0.025","0.026","0.028","0.029","0.030","0.031","0.031","0.032","0.032","0.033"
"IMF.RES:WEO(9.0.0)","RUS.NGDP_R.A","OBS_VALUE","Russian Federation","Gross domestic product (GDP), Constant prices, Domestic currency","Annual","Billions","","","","","","","","","","","","","84500.613","77149.060","67351.129","64589.733","62276.592","63133.440","59775.411","63569.653","69961.230","73516.427","77005.638","82669.961","88577.098","94243.009","101938.165","110654.194","116460.316","107352.032","112196.123","116678.031","121373.255","123503.868","124413.187","121958.864","122195.063","124427.207","127919.058","130730.816","127261.672","134727.467","132792.940","138214.244","144218.789","145096.774","146479.258","148090.530","149778.762","151426.329","153092.018"
"IMF.RES:WEO(9.0.0)","MDA.LP.A","OBS_VALUE","Moldova, Republic of","Population, Persons for countries / Index for country groups","Annual","Millions","","","","","","","","","","","","","2.977","2.969","2.973","2.970","2.960","2.950","2.946","2.941","2.934","2.928","2.920","2.911","2.906","2.897","2.890","2.883","2.879","2.876","2.873","2.873","2.873","2.871","2.869","2.845","2.824","2.780","2.730","2.685","2.644","2.627","2.565","2.492","2.423","2.381","2.340","2.299","2.260","2.221","2.182"
"IMF.RES:WEO(9.0.0)","BGR.PPPSH.A","OBS_VALUE","Bulgaria","Gross domestic product (GDP), Purchasing power parity (PPP) international dollar, percent of world GDP, Percent, ICP benchmarks 2017-2021","Annual","Units","0.338","0.348","0.361","0.363","0.363","0.357","0.364","0.367","0.360","0.345","0.302","0.263","0.216","0.188","0.176","0.167","0.169","0.140","0.141","0.125","0.124","0.126","0.130","0.132","0.133","0.137","0.139","0.141","0.145","0.141","0.136","0.134","0.131","0.126","0.123","0.123","0.123","0.122","0.122","0.126","0.128","0.129","0.130","0.128","0.127","0.127","0.127","0.127","0.126","0.126","0.125"
"IMF.RES:WEO(9.0.0)","KGZ.NGDP_R.A","OBS_VALUE","Kyrgyz Republic","Gross domestic product (GDP), Constant prices, Domestic currency","Annual","Billions","","","","","","","","","","","","","96.667","84.096","67.439","63.781","68.300","75.072","76.665","79.468","83.793","88.252","88.237","94.440","101.077","100.899","104.030","112.917","121.461","124.966","124.377","131.785","131.669","146.042","151.918","157.806","164.649","172.453","178.418","186.627","173.285","182.828","199.223","217.179","236.813","255.748","269.216","284.773","299.766","315.739","332.452"
"IMF.RES:WEO(9.0.0)","BGR.LP.A","OBS_VALUE","Bulgaria","Population, Persons for countries / Index for country groups","Annual","Millions","8.808","8.834","8.859","8.881","8.897","8.903","8.901","8.889","8.865","8.826","8.771","8.697","8.607","8.507","8.407","8.312","8.225","8.162","8.105","8.067","8.150","7.891","7.846","7.801","7.761","7.719","7.679","7.640","7.607","7.564","7.505","7.327","7.285","7.246","7.202","7.154","7.102","7.050","7.000","6.951","6.917","6.839","6.448","6.445","6.437","6.263","6.211","6.159","6.108","6.058","6.007"
"IMF.RES:WEO(9.0.0)","MDA.NGDP_R.A","OBS_VALUE","Moldova, Republic of","Gross domestic product (GDP), Constant prices, Domestic currency","Annual","Billions","","","","","","","","","","","16.602","13.697","9.629","9.513","6.574","6.480","6.097","6.195","5.792","5.595","5.713","6.061","6.534","6.965","7.481","8.042","8.428","8.681","9.358","8.796","9.421","9.969","9.910","10.807","11.347","11.267","11.786","12.281","12.784","13.244","12.145","13.833","13.197","13.355","13.369","13.596","13.888","14.374","14.906","15.458","15.999"
"IMF.RES:WEO(9.0.0)","BGR.NGDP_R.A","OBS_VALUE","Bulgaria","Gross domestic product (GDP), Constant prices, Domestic currency","Annual","Billions","87.909","92.568","96.456","99.349","103.919","105.790","111.397","116.632","119.432","118.834","108.020","96.403","88.280","78.017","75.157","73.954","77.804","66.821","69.353","63.530","66.445","68.985","73.036","76.861","81.865","87.642","93.604","99.832","105.952","102.405","103.998","106.172","106.967","106.386","107.396","111.045","114.406","117.548","120.544","125.112","121.088","130.510","135.781","138.343","142.231","146.569","151.097","155.346","159.610","163.822","168.153"
"IMF.RES:WEO(9.0.0)","MDA.PPPSH.A","OBS_VALUE","Moldova, Republic of","Gross domestic product (GDP), Purchasing power parity (PPP) international dollar, percent of world GDP, Percent, ICP benchmarks 2017-2021","Annual","Units","","","","","","","","","","","","","0.046","0.045","0.030","0.029","0.026","0.025","0.023","0.022","0.021","0.022","0.023","0.023","0.024","0.024","0.024","0.024","0.025","0.024","0.024","0.025","0.024","0.025","0.025","0.024","0.025","0.025","0.024","0.025","0.025","0.026","0.024","0.023","0.023","0.022","0.022","0.022","0.022","0.022","0.023"
"IMF.RES:WEO(9.0.0)","UKR.PPPSH.A","OBS_VALUE","Ukraine","Gross domestic product (GDP), Purchasing power parity (PPP) international dollar, percent of world GDP, Percent, ICP benchmarks 2017-2021","Annual","Units","","","","","","","","","","","","","1.262","1.063","0.796","0.675","0.585","0.545","0.521","0.502","0.506","0.538","0.551","0.582","0.619","0.610","0.624","0.642","0.638","0.545","0.540","0.548","0.532","0.515","0.465","0.406","0.404","0.398","0.405","0.430","0.468","0.475","0.327","0.333","0.332","0.329","0.333","0.339","0.342","0.346","0.349"
"IMF.RES:WEO(9.0.0)","CHN.NGDP_R.A","OBS_VALUE","China, People's Republic of","Gross domestic product (GDP), Constant prices, Domestic currency","Annual","Billions","2653.619","2788.954","3039.959","3368.275","3880.253","4404.132","4796.100","5357.244","5957.255","6207.460","6448.818","7106.805","8121.453","9253.224","10465.602","11618.511","12776.660","13967.297","15075.453","16244.883","17637.471","19104.810","20865.193","22977.025","25301.188","28194.844","31765.583","36261.555","39756.507","43511.510","48117.958","52665.566","56798.579","61212.191","65797.797","70415.749","75186.802","80367.892","85799.647","91003.169","93129.531","101097.421","104243.655","109848.646","115344.138","120875.716","125908.126","131178.479","136380.055","141426.150","146181.122"
"IMF.RES:WEO(9.0.0)","CHN.LP.A","OBS_VALUE","China, People's Republic of","Population, Persons for countries / Index for country groups","Annual","Millions","987.050","1000.720","1016.540","1030.080","1043.570","1058.510","1075.070","1093.000","1110.260","1127.040","1143.330","1158.230","1171.710","1185.170","1198.500","1211.210","1223.890","1236.260","1247.610","1257.860","1267.430","1276.270","1284.530","1292.270","1299.880","1307.560","1314.480","1321.290","1328.020","1334.500","1340.910","1349.160","1359.220","1367.260","1376.460","1383.260","1392.320","1400.110","1405.410","1410.080","1412.120","1412.600","1411.750","1409.670","1408.280","1405.080","1401.923","1398.713","1395.198","1391.374","1387.277"
"IMF.RES:WEO(9.0.0)","TJK.NGDP_R.A","OBS_VALUE","Tajikistan, Republic of","Gross domestic product (GDP), Constant prices, Domestic currency","Annual","Billions","","","","","","","","","","","","","0.106","0.094","0.074","0.065","0.062","0.063","0.066","0.069","0.075","0.082","0.090","0.099","0.109","0.117","0.125","0.134","0.145","0.151","0.161","0.172","0.185","0.199","0.212","0.225","0.241","0.258","0.277","0.298","0.311","0.340","0.367","0.398","0.431","0.463","0.489","0.512","0.535","0.559","0.585"
"IMF.RES:WEO(9.0.0)","RUS.PPPSH.A","OBS_VALUE","Russian Federation","Gross domestic product (GDP), Purchasing power parity (PPP) international dollar, percent of world GDP, Percent, ICP benchmarks 2017-2021","Annual","Units","","","","","","","","","","","","","4.907","4.398","3.733","3.453","3.208","3.125","2.882","2.962","3.101","3.180","3.242","3.357","3.421","3.479","3.578","3.693","3.780","3.507","3.486","3.492","3.519","3.466","3.375","3.202","3.111","3.053","3.170","3.258","3.316","3.622","3.445","3.467","3.502","3.418","3.349","3.280","3.216","3.153","3.093"
"IMF.RES:WEO(9.0.0)","RUS.LP.A","OBS_VALUE","Russian Federation","Population, Persons for countries / Index for country groups","Annual","Millions","","","","","","","","","","147.399","147.969","148.394","148.538","148.459","148.408","148.376","148.160","147.915","147.671","147.215","146.597","145.976","145.306","144.649","144.067","143.519","143.050","142.805","142.742","142.785","142.849","143.018","143.378","143.806","146.508","146.963","147.381","147.689","147.819","147.900","147.708","147.218","146.714","146.299","146.135","145.632","145.159","144.672","144.181","143.709","143.255"
"IMF.RES:WEO(9.0.0)","LVA.LP.A","OBS_VALUE","Latvia, Republic of","Population, Persons for countries / Index for country groups","Annual","Millions","","","","","","","","","","","","","2.677","2.669","2.627","2.501","2.470","2.445","2.421","2.399","2.382","2.353","2.321","2.299","2.277","2.250","2.228","2.209","2.192","2.163","2.121","2.075","2.045","2.024","2.001","1.986","1.969","1.950","1.934","1.920","1.908","1.893","1.876","1.883","1.872","1.868","1.864","1.861","1.857","1.853","1.850"
"IMF.RES:WEO(9.0.0)","SVK.LP.A","OBS_VALUE","Slovak Republic","Population, Persons for countries / Index for country groups","Annual","Millions","","","","","","","","","","","","","","5.337","5.367","5.397","5.408","5.379","5.388","5.393","5.399","5.379","5.379","5.375","5.372","5.373","5.373","5.373","5.376","5.382","5.390","5.392","5.404","5.411","5.416","5.421","5.426","5.435","5.443","5.450","5.458","5.460","5.435","5.429","5.425","5.419","5.406","5.393","5.379","5.364","5.350"
"IMF.RES:WEO(9.0.0)","UZB.NGDP_R.A","OBS_VALUE","Uzbekistan, Republic of","Gross domestic product (GDP), Constant prices, Domestic currency","Annual","Billions","","","","","","","","","","","","196134.934","174363.957","170353.586","161495.199","160041.742","162762.452","171226.100","178588.822","186268.141","193346.331","201466.876","209525.551","218325.625","234481.721","250895.441","269712.599","295335.296","321915.473","347990.626","372676.850","400721.304","429182.314","460497.818","492151.694","527679.010","558981.724","583550.506","615991.221","657754.819","668037.900","721712.687","765025.127","813289.675","866537.494","925454.743","981171.924","1037144.691","1096386.475","1159001.860","1225238.461"
"IMF.RES:WEO(9.0.0)","UKR.LP.A","OBS_VALUE","Ukraine","Population, Persons for countries / Index for country groups","Annual","Millions","","","","","","","","","","","51.624","51.708","51.870","51.715","51.300","50.874","50.400","49.974","49.545","49.115","48.664","48.241","47.823","47.442","47.101","46.749","46.466","46.192","45.963","45.783","45.598","45.453","45.373","45.246","42.760","42.591","42.415","42.217","41.984","41.733","41.419","40.998","34.511","34.026","33.343","32.862","33.383","34.006","33.981","33.957","33.936"
"IMF.RES:WEO(9.0.0)","TKM.NGDP_R.A","OBS_VALUE","Turkmenistan","Gross domestic product (GDP), Constant prices, Domestic currency","Annual","Billions","","","","","","","","","","","","","30.464","27.418","22.674","21.042","19.632","17.414","18.580","21.646","25.669","30.903","35.776","41.892","48.047","54.312","60.269","66.933","76.804","81.514","95.493","116.035","135.616","149.398","157.211","158.528","164.352","171.506","179.797","188.957","185.899","204.170","210.925","219.848","226.473","231.727","237.132","242.652","248.254","253.930","259.793"
"IMF.RES:WEO(9.0.0)","UZB.PPPSH.A","OBS_VALUE","Uzbekistan, Republic of","Gross domestic product (GDP), Purchasing power parity (PPP) international dollar, percent of world GDP, Percent, ICP benchmarks 2017-2021","Annual","Units","","","","","","","","","","","","","0.141","0.135","0.125","0.119","0.117","0.118","0.120","0.121","0.119","0.121","0.123","0.124","0.126","0.129","0.132","0.137","0.146","0.158","0.161","0.167","0.173","0.180","0.186","0.193","0.198","0.199","0.198","0.200","0.202","0.202","0.206","0.212","0.219","0.227","0.233","0.239","0.245","0.251","0.257"
"IMF.RES:WEO(9.0.0)","UZB.LP.A","OBS_VALUE","Uzbekistan, Republic of","Population, Persons for countries / Index for country groups","Annual","Millions","","","","","","","","","","","","","21.360","21.853","22.282","22.690","23.130","23.867","24.231","24.583","24.488","24.813","25.116","25.428","25.707","26.021","26.313","26.664","27.072","27.533","28.001","29.123","29.555","29.994","30.493","31.023","31.575","32.121","32.657","33.256","33.905","34.559","35.271","36.025","36.926","37.701","38.493","39.301","40.126","40.969","41.829"
"IMF.RES:WEO(9.0.0)","UKR.NGDP_R.A","OBS_VALUE","Ukraine","Gross domestic product (GDP), Constant prices, Domestic currency","Annual","Billions","","","","","","","","","","","","7616.683","6862.631","5888.138","4539.754","3985.904","3587.314","3479.694","3413.580","3406.753","3607.751","3925.234","4133.271","4525.932","5059.992","5216.851","5613.332","6073.625","6207.245","5269.951","5486.019","5785.859","5799.669","5798.118","5418.192","4888.672","5008.004","5126.191","5305.011","5474.745","5269.289","5450.849","3883.262","4098.190","4217.603","4301.955","4495.543","4711.329","4913.916","5120.301","5330.233"
"IMF.RES:WEO(9.0.0)","TKM.PPPSH.A","OBS_VALUE","Turkmenistan","Gross domestic product (GDP), Purchasing power parity (PPP) international dollar, percent of world GDP, Percent, ICP benchmarks 2017-2021","Annual","Units","","","","","","","","","","","","","0.029","0.026","0.021","0.019","0.017","0.014","0.015","0.017","0.019","0.022","0.025","0.028","0.031","0.033","0.035","0.037","0.041","0.044","0.049","0.057","0.065","0.069","0.070","0.069","0.069","0.069","0.072","0.074","0.074","0.073","0.073","0.074","0.074","0.073","0.073","0.072","0.071","0.071","0.070"
"IMF.RES:WEO(9.0.0)","CZE.NGDP_R.A","OBS_VALUE","Czech Republic","Gross domestic product (GDP), Constant prices, Domestic currency","Annual","Billions","","","","","","","","","","","","","","","","3339.113","3490.208","3469.412","3455.772","3503.405","3643.915","3750.216","3806.974","3932.636","4118.899","4381.480","4671.673","4928.093","5056.828","4814.185","4944.874","5032.516","4993.732","4991.644","5103.717","5356.798","5495.050","5779.340","5942.913","6154.824","5828.318","6063.142","6235.770","6238.737","6315.666","6460.798","6590.813","6722.725","6857.000","6994.000","7135.000"
"IMF.RES:WEO(9.0.0)","CZE.LP.A","OBS_VALUE","Czech Republic","Population, Persons for countries / Index for country groups","Annual","Millions","","","","","","","","","","","","","","","","10.333","10.321","10.309","10.299","10.290","10.278","10.232","10.201","10.193","10.195","10.199","10.224","10.254","10.343","10.426","10.462","10.487","10.505","10.516","10.512","10.538","10.579","10.610","10.650","10.694","10.702","10.517","10.828","10.851","10.935","10.904","10.871","10.837","10.802","10.770","10.738"
"IMF.RES:WEO(9.0.0)","TKM.LP.A","OBS_VALUE","Turkmenistan","Population, Persons for countries / Index for country groups","Annual","Millions","","","","","","","","","","","","","4.112","4.154","4.262","4.358","4.441","4.512","4.574","4.630","4.684","4.736","4.787","4.837","4.887","4.940","4.996","5.055","5.117","5.181","5.268","5.361","5.459","5.560","5.663","5.766","5.869","5.968","6.065","6.158","6.250","6.342","6.431","6.516","6.598","6.677","6.753","6.826","6.897","6.967","7.035"
"IMF.RES:WEO(9.0.0)","LVA.NGDP_R.A","OBS_VALUE","Latvia, Republic of","Gross domestic product (GDP), Constant prices, Domestic currency","Annual","Billions","","","","","","","","","","","","","13.484","11.947","12.210","11.955","12.230","13.352","14.226","14.627","15.482","16.482","17.745","19.241","20.920","23.350","26.345","29.088","28.103","23.595","22.731","23.421","25.132","25.659","26.197","27.188","27.881","28.829","30.072","30.275","29.224","31.253","31.818","32.726","32.581","32.916","33.628","34.420","35.232","36.086","36.963"
"IMF.RES:WEO(9.0.0)","MNE.PPPSH.A","OBS_VALUE","Montenegro","Gross domestic product (GDP), Purchasing power parity (PPP) international dollar, percent of world GDP, Percent, ICP benchmarks 2017-2021","Annual","Units","","","","","","","","","","","","","","","","","","","","","0.011","0.011","0.011","0.011","0.010","0.010","0.011","0.011","0.011","0.011","0.011","0.010","0.010","0.010","0.010","0.010","0.010","0.010","0.010","0.011","0.009","0.010","0.010","0.010","0.010","0.010","0.010","0.010","0.010","0.010","0.010"
"IMF.RES:WEO(9.0.0)","MNE.NGDP_R.A","OBS_VALUE","Montenegro","Gross domestic product (GDP), Constant prices, Domestic currency","Annual","Billions","","","","","","","","","","","","","","","","","","","","","1.733","1.752","1.785","1.830","1.910","1.990","2.162","2.315","2.475","2.326","2.392","2.473","2.411","2.493","2.552","2.616","2.706","2.793","2.926","3.054","2.596","2.935","3.162","3.367","3.474","3.585","3.700","3.810","3.925","4.043","4.164"
"IMF.RES:WEO(9.0.0)","SRB.NGDP_R.A","OBS_VALUE","Serbia, Republic of","Gross domestic product (GDP), Constant prices, Domestic currency","Annual","Billions","","","","","","","","","","","","","","","","","","3425.253","3608.252","3235.682","3431.605","3664.217","3903.895","4081.901","4354.852","4611.941","4791.837","5167.137","5433.807","5263.044","5347.830","5350.733","5326.978","5351.033","5254.486","5322.571","5480.928","5610.463","5871.314","6150.213","6091.785","6576.024","6749.038","7008.706","7280.504","7453.487","7724.601","8082.243","8391.722","8726.272","9075.323"
"IMF.RES:WEO(9.0.0)","LVA.PPPSH.A","OBS_VALUE","Latvia, Republic of","Gross domestic product (GDP), Purchasing power parity (PPP) international dollar, percent of world GDP, Percent, ICP benchmarks 2017-2021","Annual","Units","","","","","","","","","","","","","0.048","0.041","0.041","0.039","0.038","0.040","0.042","0.041","0.042","0.043","0.045","0.048","0.049","0.052","0.056","0.059","0.056","0.047","0.043","0.043","0.044","0.044","0.043","0.043","0.043","0.043","0.043","0.044","0.044","0.043","0.042","0.042","0.040","0.039","0.039","0.039","0.038","0.038","0.038"
"IMF.RES:WEO(9.0.0)","CZE.PPPSH.A","OBS_VALUE","Czech Republic","Gross domestic product (GDP), Purchasing power parity (PPP) international dollar, percent of world GDP, Percent, ICP benchmarks 2017-2021","Annual","Units","","","","","","","","","","","","","","","","0.421","0.424","0.405","0.393","0.385","0.381","0.382","0.378","0.376","0.375","0.381","0.387","0.388","0.387","0.371","0.362","0.355","0.341","0.330","0.326","0.332","0.330","0.334","0.334","0.346","0.342","0.334","0.332","0.321","0.315","0.312","0.309","0.306","0.302","0.299","0.296"
"IMF.RES:WEO(9.0.0)","EST.LP.A","OBS_VALUE","Estonia, Republic of","Population, Persons for countries / Index for country groups","Annual","Millions","","","","","","","","","","","","","","1.499","1.465","1.437","1.416","1.400","1.386","1.390","1.397","1.388","1.379","1.371","1.363","1.355","1.347","1.341","1.337","1.335","1.331","1.327","1.323","1.318","1.315","1.315","1.316","1.317","1.322","1.327","1.330","1.331","1.349","1.370","1.372","1.374","1.372","1.370","1.368","1.366","1.364"
"IMF.RES:WEO(9.0.0)","EST.NGDP_R.A","OBS_VALUE","Estonia, Republic of","Gross domestic product (GDP), Constant prices, Domestic currency","Annual","Billions","","","","","","","","","","","","","","10.771","10.594","10.822","11.357","12.839","13.397","13.340","14.685","15.549","16.627","17.890","19.107","20.926","22.969","24.708","23.442","20.012","20.502","22.062","22.872","23.274","24.047","24.489","25.247","26.669","27.656","28.687","27.859","30.159","29.789","28.972","28.946","29.083","29.507","30.051","30.594","31.137","31.681"
"IMF.RES:WEO(9.0.0)","SVK.PPPSH.A","OBS_VALUE","Slovak Republic","Gross domestic product (GDP), Purchasing power parity (PPP) international dollar, percent of world GDP, Percent, ICP benchmarks 2017-2021","Annual","Units","","","","","","","","","","","","","","0.119","0.123","0.128","0.132","0.132","0.134","0.129","0.124","0.124","0.126","0.128","0.128","0.130","0.135","0.142","0.146","0.138","0.141","0.139","0.137","0.133","0.132","0.135","0.133","0.132","0.129","0.132","0.137","0.133","0.129","0.128","0.126","0.123","0.122","0.121","0.120","0.119","0.118"
"IMF.RES:WEO(9.0.0)","EST.PPPSH.A","OBS_VALUE","Estonia, Republic of","Gross domestic product (GDP), Purchasing power parity (PPP) international dollar, percent of world GDP, Percent, ICP benchmarks 2017-2021","Annual","Units","","","","","","","","","","","","","","0.034","0.033","0.032","0.033","0.035","0.036","0.035","0.036","0.037","0.039","0.040","0.041","0.043","0.045","0.046","0.042","0.036","0.035","0.037","0.037","0.036","0.036","0.036","0.036","0.036","0.037","0.038","0.039","0.038","0.036","0.034","0.033","0.032","0.032","0.031","0.031","0.031","0.030"
"IMF.RES:WEO(9.0.0)","HUN.PPPSH.A","OBS_VALUE","Hungary","Gross domestic product (GDP), Purchasing power parity (PPP) international dollar, percent of world GDP, Percent, ICP benchmarks 2017-2021","Annual","Units","0.511","0.514","0.526","0.517","0.508","0.489","0.481","0.481","0.461","0.448","0.415","0.358","0.312","0.304","0.304","0.301","0.290","0.287","0.291","0.289","0.287","0.292","0.298","0.298","0.298","0.297","0.293","0.280","0.275","0.258","0.248","0.244","0.233","0.230","0.232","0.233","0.231","0.232","0.236","0.246","0.245","0.240","0.242","0.232","0.226","0.220","0.218","0.216","0.215","0.213","0.212"
"IMF.RES:WEO(9.0.0)","LTU.PPPSH.A","OBS_VALUE","Lithuania, Republic of","Gross domestic product (GDP), Purchasing power parity (PPP) international dollar, percent of world GDP, Percent, ICP benchmarks 2017-2021","Annual","Units","","","","","","","","","","","","","","","","0.067","0.067","0.070","0.074","0.070","0.069","0.072","0.075","0.080","0.081","0.083","0.085","0.090","0.089","0.077","0.073","0.075","0.076","0.076","0.077","0.076","0.076","0.077","0.078","0.081","0.083","0.083","0.082","0.080","0.079","0.079","0.079","0.078","0.078","0.077","0.077"
"IMF.RES:WEO(9.0.0)","HUN.NGDP_R.A","OBS_VALUE","Hungary","Gross domestic product (GDP), Constant prices, Domestic currency","Annual","Billions","28967.247","29797.664","30644.242","30865.789","31686.216","31606.029","32091.165","33391.252","33369.460","33615.201","32439.792","28582.038","27706.233","27546.615","28358.457","29079.098","29108.537","29975.352","31128.837","32089.491","33504.437","34865.397","36514.551","37952.780","39836.422","41549.502","43184.031","43327.556","43757.987","40808.627","41244.442","42034.979","41471.925","42314.706","44148.776","45764.539","46880.572","48814.013","51550.594","54167.913","51817.715","55560.466","57933.091","57444.988","57739.282","58082.662","59302.397","60636.797","62065.323","63618.992","65240.002"
"IMF.RES:WEO(9.0.0)","SRB.PPPSH.A","OBS_VALUE","Serbia, Republic of","Gross domestic product (GDP), Purchasing power parity (PPP) international dollar, percent of world GDP, Percent, ICP benchmarks 2017-2021","Annual","Units","","","","","","","","","","","","","","","","","","0.120","0.123","0.107","0.108","0.112","0.116","0.117","0.119","0.120","0.119","0.122","0.125","0.122","0.117","0.113","0.109","0.106","0.101","0.099","0.099","0.097","0.097","0.102","0.103","0.103","0.102","0.102","0.103","0.102","0.103","0.104","0.105","0.106","0.107"
"IMF.RES:WEO(9.0.0)","HUN.LP.A","OBS_VALUE","Hungary","Population, Persons for countries / Index for country groups","Annual","Millions","10.710","10.706","10.695","10.672","10.641","10.599","10.560","10.509","10.464","10.422","10.375","10.373","10.374","10.365","10.350","10.337","10.321","10.301","10.280","10.253","10.222","10.200","10.175","10.142","10.117","10.098","10.077","10.066","10.045","10.031","10.014","9.986","9.932","9.895","9.850","9.816","9.780","9.740","9.714","9.700","9.689","9.651","9.610","9.600","9.585","9.560","9.536","9.513","9.489","9.466","9.443"
"IMF.RES:WEO(9.0.0)","SVN.LP.A","OBS_VALUE","Slovenia, Republic of","Population, Persons for countries / Index for country groups","Annual","Millions","","","","","","","","","","","","","1.999","1.989","1.989","1.989","1.990","1.987","1.985","1.978","1.988","1.990","1.994","1.995","1.996","1.998","2.003","2.010","2.010","2.032","2.047","2.050","2.055","2.059","2.061","2.063","2.064","2.066","2.067","2.081","2.096","2.109","2.107","2.117","2.124","2.131","2.135","2.137","2.139","2.140","2.140"
"IMF.RES:WEO(9.0.0)","MKD.LP.A","OBS_VALUE","North Macedonia, Republic of","Population, Persons for countries / Index for country groups","Annual","Millions","","","","","","","","","","","","","1.933","1.942","1.952","1.963","1.977","1.983","1.993","2.002","2.010","2.016","2.022","2.026","2.023","2.005","1.994","1.983","1.971","1.959","1.946","1.937","1.930","1.923","1.918","1.912","1.906","1.899","1.889","1.876","1.856","1.837","1.832","1.828","1.819","1.810","1.800","1.791","1.780","1.770","1.759"
"IMF.RES:WEO(9.0.0)","MNG.NGDP_R.A","OBS_VALUE","Mongolia","Gross domestic product (GDP), Constant prices, Domestic currency","Annual","Billions","4594.864","4979.738","5394.602","5707.069","6044.577","6387.860","6990.000","7237.582","7610.018","7928.340","7731.271","7020.097","6370.284","6168.423","6300.081","6701.801","6851.592","7118.579","7356.335","7582.202","7669.099","8024.838","8447.499","9069.015","9923.769","10569.536","11432.318","12433.418","13405.578","13128.151","14088.218","16524.181","18559.930","20721.961","22355.934","22894.781","23235.864","24545.641","26446.671","27928.279","26655.377","27091.664","28455.109","30567.079","32132.739","33899.168","35764.037","37720.831","39712.321","41701.300","43792.554"
"IMF.RES:WEO(9.0.0)","MNG.PPPSH.A","OBS_VALUE","Mongolia","Gross domestic product (GDP), Purchasing power parity (PPP) international dollar, percent of world GDP, Percent, ICP benchmarks 2017-2021","Annual","Units","0.019","0.021","0.022","0.023","0.023","0.024","0.025","0.025","0.025","0.025","0.024","0.021","0.017","0.016","0.016","0.017","0.016","0.016","0.016","0.016","0.016","0.016","0.017","0.017","0.018","0.018","0.019","0.019","0.020","0.020","0.020","0.023","0.025","0.027","0.028","0.028","0.028","0.028","0.030","0.032","0.032","0.032","0.032","0.034","0.034","0.035","0.036","0.037","0.037","0.038","0.039"
"IMF.RES:WEO(9.0.0)","LTU.LP.A","OBS_VALUE","Lithuania, Republic of","Population, Persons for countries / Index for country groups","Annual","Millions","","","","","","","","","","","","","","","","3.629","3.602","3.575","3.549","3.524","3.500","3.471","3.443","3.415","3.377","3.323","3.270","3.231","3.198","3.163","3.097","3.028","2.989","2.961","2.937","2.911","2.877","2.843","2.819","2.811","2.810","2.808","2.832","2.872","2.888","2.889","2.889","2.866","2.843","2.820","2.798"
"IMF.RES:WEO(9.0.0)","MNG.LP.A","OBS_VALUE","Mongolia","Population, Persons for countries / Index for country groups","Annual","Millions","","","","","","","","","","","2.078","2.129","2.169","2.189","2.210","2.243","2.276","2.307","2.340","2.373","2.403","2.432","2.466","2.495","2.522","2.551","2.583","2.620","2.666","2.716","2.761","2.812","2.868","2.930","2.996","3.058","3.120","3.178","3.238","3.297","3.358","3.410","3.458","3.505","3.545","3.584","3.623","3.662","3.703","3.743","3.784"
"IMF.RES:WEO(9.0.0)","HRV.NGDP_R.A","OBS_VALUE","Croatia, Republic of","Gross domestic product (GDP), Constant prices, Domestic currency","Annual","Billions","","","","","","","","","","","","","31.570","29.044","30.758","32.798","34.725","37.032","37.722","37.369","38.770","39.975","42.295","44.650","46.513","48.525","50.992","53.566","54.620","50.898","50.220","50.170","49.040","48.978","48.706","49.837","51.562","53.254","54.800","56.499","51.803","58.348","62.599","64.676","67.217","69.301","71.197","73.075","74.975","76.850","78.771"
"IMF.RES:WEO(9.0.0)","LTU.NGDP_R.A","OBS_VALUE","Lithuania, Republic of","Gross domestic product (GDP), Constant prices, Domestic currency","Annual","Billions","","","","","","","","","","","","","","","","19.346","20.359","22.059","23.752","23.494","24.283","25.894","27.586","30.491","32.417","35.070","37.631","41.808","42.720","36.524","36.624","38.947","40.652","42.310","43.904","45.153","46.333","48.513","50.857","53.259","53.285","56.674","58.100","58.349","59.939","61.577","63.383","64.733","66.323","68.000","69.672"
"IMF.RES:WEO(9.0.0)","HRV.LP.A","OBS_VALUE","Croatia, Republic of","Population, Persons for countries / Index for country groups","Annual","Millions","","","","","","","","","","","","","4.730","4.624","4.524","4.453","4.494","4.572","4.501","4.554","4.381","4.300","4.302","4.303","4.305","4.310","4.311","4.310","4.310","4.305","4.295","4.281","4.268","4.256","4.202","4.152","4.107","4.041","3.989","3.949","3.914","3.879","3.856","3.860","3.856","3.854","3.852","3.850","3.848","3.847","3.845"
"IMF.RES:WEO(9.0.0)","ROU.PPPSH.A","OBS_VALUE","Romania","Gross domestic product (GDP), Purchasing power parity (PPP) international dollar, percent of world GDP, Percent, ICP benchmarks 2017-2021","Annual","Units","0.900","0.880","0.910","0.941","0.954","0.920","0.913","0.886","0.844","0.768","0.696","0.592","0.485","0.484","0.489","0.505","0.506","0.457","0.423","0.404","0.396","0.407","0.418","0.413","0.434","0.434","0.446","0.454","0.483","0.459","0.420","0.423","0.417","0.405","0.408","0.407","0.406","0.423","0.434","0.464","0.472","0.464","0.465","0.460","0.449","0.440","0.433","0.431","0.430","0.430","0.431"
"IMF.RES:WEO(9.0.0)","KOS.LP.A","OBS_VALUE","Kosovo, Republic of","Population, Persons for countries / Index for country groups","Annual","Millions","","","","","","","","","","","","","","","","","","","","","1.472","1.472","1.511","1.537","1.631","1.651","1.674","1.699","1.720","1.748","1.775","1.802","1.786","1.769","1.753","1.736","1.719","1.703","1.686","1.670","1.653","1.637","1.620","1.604","1.587","1.577","1.571","1.568","1.566","1.566","1.566"
"IMF.RES:WEO(9.0.0)","ROU.LP.A","OBS_VALUE","Romania","Population, Persons for countries / Index for country groups","Annual","Millions","22.442","22.576","22.683","22.775","22.868","22.971","23.093","23.224","23.346","23.431","23.459","23.423","23.333","23.205","23.064","22.927","22.800","22.679","22.565","22.458","22.455","22.430","21.833","21.628","21.521","21.382","21.257","21.131","20.635","20.440","20.295","20.199","20.096","20.020","19.947","19.871","19.761","19.644","19.533","19.414","19.329","19.202","19.042","19.055","18.944","18.832","18.715","18.593","18.467","18.342","18.219"
"IMF.RES:WEO(9.0.0)","MKD.PPPSH.A","OBS_VALUE","North Macedonia, Republic of","Gross domestic product (GDP), Purchasing power parity (PPP) international dollar, percent of world GDP, Percent, ICP benchmarks 2017-2021","Annual","Units","","","","","","","","","","","","","0.038","0.034","0.033","0.031","0.031","0.030","0.030","0.030","0.030","0.028","0.028","0.028","0.028","0.028","0.028","0.028","0.029","0.029","0.028","0.028","0.027","0.027","0.027","0.027","0.027","0.026","0.026","0.027","0.026","0.026","0.026","0.026","0.025","0.026","0.026","0.026","0.026","0.026","0.026"
"IMF.RES:WEO(9.0.0)","BIH.LP.A","OBS_VALUE","Bosnia and Herzegovina","Population, Persons for countries / Index for country groups","Annual","Millions","","","","","","","","","","","","","","","","","3.763","3.736","3.732","3.743","3.751","3.755","3.759","3.760","3.763","3.766","3.768","3.762","3.754","3.736","3.704","3.660","3.605","3.531","3.526","3.518","3.511","3.504","3.496","3.491","3.487","3.481","3.473","3.464","3.455","3.445","3.436","3.426","3.416","3.405","3.394"
"IMF.RES:WEO(9.0.0)","SVN.NGDP_R.A","OBS_VALUE","Slovenia, Republic of","Gross domestic product (GDP), Constant prices, Domestic currency","Annual","Billions","","","","","","","","","","","","","20.184","20.749","21.849","22.744","23.407","24.618","25.372","26.708","27.643","28.425","29.358","30.296","31.673","32.894","34.837","37.324","38.583","35.654","36.051","36.287","35.229","34.939","35.904","36.764","37.879","39.839","41.584","43.041","41.283","44.758","45.952","47.044","47.858","48.385","49.498","50.735","51.953","53.148","54.370"
"IMF.RES:WEO(9.0.0)","HRV.PPPSH.A","OBS_VALUE","Croatia, Republic of","Gross domestic product (GDP), Purchasing power parity (PPP) international dollar, percent of world GDP, Percent, ICP benchmarks 2017-2021","Annual","Units","","","","","","","","","","","","","0.127","0.115","0.118","0.121","0.124","0.127","0.126","0.120","0.119","0.120","0.123","0.125","0.124","0.124","0.124","0.124","0.123","0.115","0.108","0.104","0.098","0.095","0.091","0.091","0.091","0.090","0.090","0.093","0.088","0.091","0.094","0.094","0.095","0.095","0.095","0.094","0.094","0.093","0.093"
"IMF.RES:WEO(9.0.0)","BIH.PPPSH.A","OBS_VALUE","Bosnia and Herzegovina","Gross domestic product (GDP), Purchasing power parity (PPP) international dollar, percent of world GDP, Percent, ICP benchmarks 2017-2021","Annual","Units","","","","","","","","","","","","","","","","","0.028","0.033","0.037","0.040","0.039","0.041","0.042","0.042","0.043","0.043","0.043","0.043","0.044","0.043","0.041","0.040","0.038","0.038","0.037","0.038","0.038","0.037","0.038","0.039","0.039","0.038","0.039","0.038","0.038","0.038","0.038","0.037","0.037","0.037","0.037"
"IMF.RES:WEO(9.0.0)","MKD.NGDP_R.A","OBS_VALUE","North Macedonia, Republic of","Gross domestic product (GDP), Constant prices, Domestic currency","Annual","Billions","","","","","","","","","","","","","269.265","249.071","244.587","241.897","244.800","248.106","256.495","267.646","279.794","271.212","275.264","281.381","294.534","308.447","324.292","345.285","364.179","362.873","375.061","383.837","382.087","393.262","407.536","423.250","435.305","440.013","452.688","470.390","448.337","468.560","481.486","491.466","505.011","522.181","538.891","556.136","573.376","591.150","608.885"
"IMF.RES:WEO(9.0.0)","SVN.PPPSH.A","OBS_VALUE","Slovenia, Republic of","Gross domestic product (GDP), Purchasing power parity (PPP) international dollar, percent of world GDP, Percent, ICP benchmarks 2017-2021","Annual","Units","","","","","","","","","","","","","0.072","0.073","0.074","0.075","0.074","0.075","0.075","0.076","0.075","0.075","0.076","0.075","0.075","0.074","0.075","0.076","0.077","0.071","0.069","0.067","0.063","0.060","0.060","0.059","0.059","0.060","0.060","0.063","0.063","0.062","0.062","0.061","0.060","0.059","0.058","0.058","0.058","0.057","0.057"
"IMF.RES:WEO(9.0.0)","BIH.NGDP_R.A","OBS_VALUE","Bosnia and Herzegovina","Gross domestic product (GDP), Constant prices, Domestic currency","Annual","Billions","","","","","","","","","","","","","","","6.465","7.803","12.654","15.546","17.694","19.596","20.466","22.009","23.116","24.009","25.528","26.523","27.959","29.597","31.208","30.270","30.532","30.825","30.572","31.290","31.651","33.007","34.077","35.183","36.530","37.584","36.451","39.145","40.800","41.614","42.850","43.879","45.063","46.415","47.808","49.242","50.719"
"IMF.RES:WEO(9.0.0)","G998.PPPSH.A","OBS_VALUE","European Union (EU)","Gross domestic product (GDP), Purchasing power parity (PPP) international dollar, percent of world GDP, Percent, ICP benchmarks 2017-2021","Annual","Units","27.470","27.049","27.069","26.855","26.357","26.011","25.866","25.545","25.407","25.406","25.046","24.825","22.759","22.356","22.321","22.643","22.271","21.956","22.006","21.880","21.636","21.592","21.272","20.751","20.273","19.794","19.530","19.179","18.812","18.130","17.586","17.270","16.606","16.069","15.797","15.663","15.487","15.375","15.152","15.449","15.157","14.938","14.950","14.531","14.228","13.993","13.769","13.553","13.337","13.124","12.914"
"IMF.RES:WEO(9.0.0)","POL.NGDP_R.A","OBS_VALUE","Poland, Republic of","Gross domestic product (GDP), Constant prices, Domestic currency","Annual","Billions","832.442","749.198","712.889","752.811","750.056","779.020","806.243","824.799","851.897","884.372","820.955","763.443","778.962","812.359","854.918","912.435","969.363","1038.056","1089.769","1139.073","1187.594","1201.908","1219.257","1262.217","1326.474","1369.727","1454.680","1553.022","1621.104","1663.498","1716.212","1806.407","1833.717","1846.264","1918.646","2003.677","2064.412","2170.780","2306.363","2412.007","2362.909","2526.592","2659.376","2666.015","2743.953","2832.940","2921.779","3005.358","3089.580","3171.957","3253.014"
"IMF.RES:WEO(9.0.0)","POL.PPPSH.A","OBS_VALUE","Poland, Republic of","Gross domestic product (GDP), Purchasing power parity (PPP) international dollar, percent of world GDP, Percent, ICP benchmarks 2017-2021","Annual","Units","1.309","1.151","1.090","1.123","1.071","1.073","1.076","1.060","1.048","1.050","0.937","0.852","0.780","0.799","0.817","0.842","0.861","0.886","0.906","0.915","0.908","0.897","0.885","0.884","0.884","0.872","0.881","0.894","0.908","0.937","0.920","0.933","0.917","0.894","0.898","0.907","0.907","0.919","0.926","0.969","0.992","0.984","0.999","0.968","0.965","0.967","0.967","0.964","0.961","0.956","0.952"
"IMF.RES:WEO(9.0.0)","KOS.NGDP_R.A","OBS_VALUE","Kosovo, Republic of","Gross domestic product (GDP), Constant prices, Domestic currency","Annual","Billions","","","","","","","","","","","","","","","","","","","","","3.244","3.391","3.376","3.463","3.484","3.641","3.772","4.087","4.161","4.370","4.586","4.876","4.959","5.224","5.399","5.719","6.037","6.329","6.544","6.855","6.489","7.187","7.494","7.799","8.156","8.478","8.813","9.160","9.512","9.887","10.278"
"IMF.RES:WEO(9.0.0)","ROU.NGDP_R.A","OBS_VALUE","Romania","Gross domestic product (GDP), Constant prices, Domestic currency","Annual","Billions","576.082","576.658","599.148","635.097","673.203","672.529","688.670","694.180","690.709","650.648","614.130","534.742","487.865","495.317","514.793","551.540","573.316","538.613","512.665","506.770","521.571","548.788","580.085","593.666","655.574","686.177","741.269","794.891","868.875","820.942","788.878","824.342","840.034","842.376","877.048","904.737","930.612","1006.880","1068.510","1110.431","1069.629","1128.948","1173.714","1201.933","1211.714","1223.346","1240.216","1274.149","1311.332","1352.531","1396.680"
"IMF.RES:WEO(9.0.0)","KOS.PPPSH.A","OBS_VALUE","Kosovo, Republic of","Gross domestic product (GDP), Purchasing power parity (PPP) international dollar, percent of world GDP, Percent, ICP benchmarks 2017-2021","Annual","Units","","","","","","","","","","","","","","","","","","","","","0.015","0.015","0.015","0.014","0.014","0.014","0.014","0.014","0.014","0.015","0.015","0.015","0.015","0.015","0.014","0.015","0.015","0.015","0.015","0.015","0.014","0.015","0.015","0.015","0.015","0.015","0.016","0.016","0.016","0.016","0.016"
"IMF.RES:WEO(9.0.0)","KGZ.LP.A","OBS_VALUE","Kyrgyz Republic","Population, Persons for countries / Index for country groups","Annual","Millions","","","","","","","","","","","","","4.411","4.485","4.505","4.525","4.596","4.661","4.732","4.806","4.875","4.922","4.968","5.013","5.073","5.136","5.189","5.248","5.289","5.348","5.418","5.478","5.552","5.663","5.777","5.895","6.019","6.140","6.257","6.389","6.517","6.654","6.795","6.931","7.077","7.227","7.372","7.527","7.686","7.840","8.006"
"IMF.RES:WEO(9.0.0)","POL.LP.A","OBS_VALUE","Poland, Republic of","Population, Persons for countries / Index for country groups","Annual","Millions","35.567","35.887","36.216","36.731","37.049","37.327","37.558","37.750","37.786","37.824","38.186","38.286","38.386","38.501","38.581","38.581","38.609","38.639","38.660","38.667","38.263","38.254","38.242","38.219","38.191","38.174","38.157","38.125","38.116","38.136","38.023","38.063","38.064","38.063","38.018","38.006","37.967","37.973","37.977","37.973","37.958","37.073","36.890","36.754","36.621","36.497","36.213","36.140","36.068","35.996","35.924"
"IMF.RES:WEO(9.0.0)","PLW.PPPSH.A","OBS_VALUE","Palau, Republic of","Gross domestic product (GDP), Purchasing power parity (PPP) international dollar, percent of world GDP, Percent, ICP benchmarks 2017-2021","Annual","Units","","","","","","","","","","","","","","","","","","","","","","","","","","","","","","","","","","","","","","","","","","","","","","","","","","",""
"IMF.RES:WEO(9.0.0)","VEN.NGDP_R.A","OBS_VALUE","Venezuela, República Bolivariana de","Gross domestic product (GDP), Constant prices, Domestic currency","Annual","Billions","","","","","","","","","","","","","","","","","","","","","","","","","","","","","","","","","","","","","","","","","","","","","","","","","","",""
"IMF.RES:WEO(9.0.0)","FSM.PPPSH.A","OBS_VALUE","Micronesia, Federated States of","Gross domestic product (GDP), Purchasing power parity (PPP) international dollar, percent of world GDP, Percent, ICP benchmarks 2017-2021","Annual","Units","","","","","","","","","","","","","","","","0.001","0.001","","","","","","","","","","","","","","","","","","","","","","","","","","","","","","","","","",""
"IMF.RES:WEO(9.0.0)","NRU.PPPSH.A","OBS_VALUE","Nauru, Republic of","Gross domestic product (GDP), Purchasing power parity (PPP) international dollar, percent of world GDP, Percent, ICP benchmarks 2017-2021","Annual","Units","","","","","","","","","","","","","","","","","","","","","","","","","","","","","","","","","","","","","","","","","","","","","","","","","","",""
"IMF.RES:WEO(9.0.0)","MHL.PPPSH.A","OBS_VALUE","Marshall Islands, Republic of the","Gross domestic product (GDP), Purchasing power parity (PPP) international dollar, percent of world GDP, Percent, ICP benchmarks 2017-2021","Annual","Units","","","","","","","","","","","","","","","","","","","","","","","","","","","","","","","","","","","","","","","","","","","","","","","","","","",""
"IMF.RES:WEO(9.0.0)","TON.PPPSH.A","OBS_VALUE","Tonga","Gross domestic product (GDP), Purchasing power parity (PPP) international dollar, percent of world GDP, Percent, ICP benchmarks 2017-2021","Annual","Units","0.001","0.001","0.001","0.001","0.001","0.001","0.001","0.001","0.001","0.001","0.001","0.001","0.001","0.001","0.001","0.001","0.001","0.001","0.001","0.001","0.001","0.001","0.001","0.001","0.001","0.001","0.001","0.001","0.001","0.001","","","","","","","","","","","","","","","","","","","","",""
"IMF.RES:WEO(9.0.0)","VUT.PPPSH.A","OBS_VALUE","Vanuatu","Gross domestic product (GDP), Purchasing power parity (PPP) international dollar, percent of world GDP, Percent, ICP benchmarks 2017-2021","Annual","Units","0.001","0.001","0.001","0.001","0.001","0.001","0.001","0.001","0.001","0.001","0.001","0.001","0.001","0.001","0.001","0.001","0.001","0.001","0.001","0.001","0.001","0.001","0.001","0.001","0.001","0.001","0.001","0.001","0.001","0.001","0.001","0.001","0.001","0.001","0.001","0.001","0.001","0.001","0.001","0.001","0.001","0.001","0.001","0.001","0.001","0.001","0.001","0.001","0.001","0.001",""
"IMF.RES:WEO(9.0.0)","KIR.PPPSH.A","OBS_VALUE","Kiribati","Gross domestic product (GDP), Purchasing power parity (PPP) international dollar, percent of world GDP, Percent, ICP benchmarks 2017-2021","Annual","Units","","","","","","","","","","","","","","","","","","","","","","","","","","","","","","","","","","","","","","","","","","","","","","","","","","",""
"IMF.RES:WEO(9.0.0)","TUV.PPPSH.A","OBS_VALUE","Tuvalu","Gross domestic product (GDP), Purchasing power parity (PPP) international dollar, percent of world GDP, Percent, ICP benchmarks 2017-2021","Annual","Units","","","","","","","","","","","","","","","","","","","","","","","","","","","","","","","","","","","","","","","","","","","","","","","","","","",""
